fqdn,ip,prefix,asn,asn_description,country,registrar,last_update_asn,last_update_asn_desc
aaa.wigo4it.nl,80.113.84.147,80.113.0.0/17,33915,"TNF-AS, NL",NL,ripencc,2001-07-25,2004-09-06
aanbieders.lerarenportfolio.nl,82.201.78.145,82.201.0.0/17,15879,"KPN-INTERNEDSERVICES KPN Internedservices, NL",NL,ripencc,2003-09-18,2000-10-26
aaninhetdonker.nl,178.22.59.202,178.22.56.0/21,12859,"NL-BIT BIT BV, NL",NL,ripencc,2010-04-01,1999-12-15
aanvraag-beheer.ciz.nl,194.49.83.42,194.49.83.0/24,202315,"ACCENT-AUTOMATISERING, NL",NL,ripencc,2018-05-17,2018-06-04
a-api.a-subscribe.platformrijksoverheid.nl,195.137.215.152,195.137.214.0/23,15830,"EQUINIX, GB",NL,ripencc,2003-08-01,2000-10-20
ac.mijnoverheid.nl,147.181.2.70,147.181.2.0/24,212157,"LOGIUS-AZ-1, NL",NL,ripencc,1991-07-05,2020-12-15
activesync.hetcak.nl,185.125.41.7,185.125.40.0/22,203740,"CAK, NL",NL,ripencc,2015-11-06,2015-11-10
admin-console.kpn-dsh.com,35.156.37.241,35.156.0.0/14,16509,"AMAZON-02, US",US,arin,2016-08-09,2000-05-04
admin-console.poc.kpn-dsh.com,35.158.54.73,35.156.0.0/14,16509,"AMAZON-02, US",US,arin,2016-08-09,2000-05-04
admin-console.rvp-azure-dsh.kpn-dsh.com,FAILURE,,,,,,,
a-downloads.persberichten.rijksoverheid.nl,195.137.215.152,195.137.214.0/23,15830,"EQUINIX, GB",NL,ripencc,2003-08-01,2000-10-20
adviescommissiedbe.nl,147.181.6.149,147.181.4.0/22,202553,"DUO-NL-AS, NL",NL,ripencc,1991-07-05,2016-07-26
aeolus.ijsselstein.nl,45.85.148.169,45.85.148.0/22,208654,"GOUDA, NL",NL,ripencc,2019-06-06,2019-06-27
aeolus.montfoort.nl,45.85.148.201,45.85.148.0/22,208654,"GOUDA, NL",NL,ripencc,2019-06-06,2019-06-27
afspraak.derondevenen.nl,217.166.49.41,217.166.0.0/16,1136,"KPN KPN National, NL",NL,ripencc,2001-04-06,1993-09-01
afspraakmaken.dronten.nl,90.145.212.143,90.145.0.0/16,29396,"EUROFIBER-UNET EUROFIBER, NL",NL,ripencc,2006-11-17,2003-08-28
afspraakmaken.losser.nl,217.114.107.73,217.114.96.0/20,47886,"EQUINIX-NL-ASN, NL",NL,ripencc,2001-01-25,2008-09-11
afspraakmaken.renkum.nl,87.213.169.84,87.213.0.0/16,13127,"T-MOBILE AS for the Trans-European T-Mobile IP Transport backbone, NL",NL,ripencc,2005-06-02,2000-03-27
afspraak.moerdijk.nl,213.34.182.169,213.34.176.0/20,33915,"TNF-AS, NL",NL,ripencc,1999-09-16,2004-09-06
afspraak.nederweert.nl,195.35.139.37,195.35.128.0/18,33915,"TNF-AS, NL",NL,ripencc,2000-03-30,2004-09-06
afspraken.almelo.nl,217.114.103.208,217.114.96.0/20,47886,"EQUINIX-NL-ASN, NL",NL,ripencc,2001-01-25,2008-09-11
afspraken.gemeente-oldambt.nl,217.119.235.157,217.119.224.0/20,16350,"ECHELON-AS Institutenweg 38, NL",NL,ripencc,2001-02-16,2001-03-08
afspraken.tholen.nl,213.34.182.186,213.34.160.0/19,33915,"TNF-AS, NL",NL,ripencc,1999-09-16,2004-09-06
aggregator.tst.etoegang.nl,147.181.1.79,147.181.1.0/24,212157,"LOGIUS-AZ-1, NL",NL,ripencc,1991-07-05,2020-12-15
aimonline.nl,104.40.158.55,104.40.0.0/13,8075,"MICROSOFT-CORP-MSN-AS-BLOCK, US",US,arin,2014-05-07,1997-03-31
antiddos.kpn.com,195.121.64.5,195.121.64.0/18,8737,"PT, NL",NL,ripencc,1999-01-11,1998-03-31
api.kpn-dsh.com,35.156.37.241,35.156.0.0/14,16509,"AMAZON-02, US",US,arin,2016-08-09,2000-05-04
api.poc.kpn-dsh.com,35.158.54.73,35.156.0.0/14,16509,"AMAZON-02, US",US,arin,2016-08-09,2000-05-04
api.rivm.nl,131.224.245.23,131.224.0.0/16,1103,"SURFNET-NL SURFnet, The Netherlands, NL",NL,ripencc,1989-01-23,1993-09-01
api.rvp-azure-dsh.kpn-dsh.com,FAILURE,,,,,,,
api.rvp.kpn-dsh.com,18.194.246.27,18.194.0.0/15,16509,"AMAZON-02, US",US,arin,2019-10-07,2000-05-04
api.subscribe.platformrijksoverheid.nl,195.137.215.152,195.137.214.0/23,15830,"EQUINIX, GB",NL,ripencc,2003-08-01,2000-10-20
api.talos.kpn.com,195.121.120.38,195.121.0.0/17,8737,"PT, NL",NL,ripencc,1999-01-11,1998-03-31
applog.dtnr.nl,93.92.103.102,93.92.100.0/22,24586,"NL-INTERMAX Intermax Cloudsourcing B.V., NL",NL,ripencc,2008-01-29,2002-01-09
apps.dictu.nl,93.92.103.83,93.92.100.0/22,24586,"NL-INTERMAX Intermax Cloudsourcing B.V., NL",NL,ripencc,2008-01-29,2002-01-09
apps.haarlemmermeer.nl,31.161.51.29,31.160.0.0/15,1136,"KPN KPN National, NL",NL,ripencc,2011-02-16,1993-09-01
apps.kpnnetwerk.nl,145.128.12.131,145.128.0.0/20,59524,"KPN-IAAS, NL",NL,ripencc,1993-09-01,2012-08-01
apps.ota-dpo.nl,87.213.100.182,87.213.0.0/16,13127,"T-MOBILE AS for the Trans-European T-Mobile IP Transport backbone, NL",NL,ripencc,2005-06-02,2000-03-27
archibus-int-a.kpn.org,195.121.65.23,195.121.64.0/18,8737,"PT, NL",NL,ripencc,1999-01-11,1998-03-31
archibus-int-p.kpn.org,195.121.65.22,195.121.0.0/17,8737,"PT, NL",NL,ripencc,1999-01-11,1998-03-31
archisarchief.cultureelerfgoed.nl,147.181.6.180,147.181.4.0/22,202553,"DUO-NL-AS, NL",NL,ripencc,1991-07-05,2016-07-26
archis.cultureelerfgoed.nl,147.181.6.180,147.181.4.0/22,202553,"DUO-NL-AS, NL",NL,ripencc,1991-07-05,2016-07-26
a-rss.persberichten.rijksoverheid.nl,195.137.215.152,195.137.214.0/23,15830,"EQUINIX, GB",NL,ripencc,2003-08-01,2000-10-20
aselect.inspectieruimte.nl,87.213.81.8,87.213.0.0/16,13127,"T-MOBILE AS for the Trans-European T-Mobile IP Transport backbone, NL",NL,ripencc,2005-06-02,2000-03-27
a-subscribe.platformrijksoverheid.nl,195.137.215.152,195.137.214.0/23,15830,"EQUINIX, GB",NL,ripencc,2003-08-01,2000-10-20
auth.acm.nl,87.215.38.92,87.215.0.0/16,13127,"T-MOBILE AS for the Trans-European T-Mobile IP Transport backbone, NL",NL,ripencc,2005-06-02,2000-03-27
auth.centraalregistertechniek.nl,13.248.206.174,13.248.192.0/20,16509,"AMAZON-02, US",US,arin,2018-07-11,2000-05-04
auth.hinq.nl,87.233.137.85,87.233.128.0/18,15703,"TRUESERVER-AS TrueServer BV AS number, NL",NL,ripencc,2005-07-07,2000-09-19
auth.integration.join-data.net,75.2.77.150,75.2.64.0/20,16509,"AMAZON-02, US",US,arin,2018-01-10,2000-05-04
authorization.pijnkliniekdebilt.nl,185.63.154.87,185.63.152.0/22,12859,"NL-BIT BIT BV, NL",NL,ripencc,2014-07-11,1999-12-15
auth-preprod.provincie-utrecht.nl,75.2.77.150,75.2.64.0/20,16509,"AMAZON-02, US",US,arin,2018-01-10,2000-05-04
auth.production.join-data.net,13.248.206.174,13.248.192.0/20,16509,"AMAZON-02, US",US,arin,2018-07-11,2000-05-04
auth.rvp-azure-dsh.kpn-dsh.com,FAILURE,,,,,,,
avbapp.com,93.92.103.124,93.92.100.0/22,24586,"NL-INTERMAX Intermax Cloudsourcing B.V., NL",NL,ripencc,2008-01-29,2002-01-09
bdrc-front.hanafn.nl,185.254.41.99,185.254.41.0/24,57795,"NGNETWORKS, NL",NL,ripencc,2018-04-06,2012-02-10
belastingbalie.capelleaandenijssel.nl,185.241.184.58,185.241.184.0/24,204754,"SYSACTIVE, NL",NL,ripencc,2018-01-16,2018-01-16
belastingen.arnhem.nl,185.241.184.58,185.241.184.0/24,204754,"SYSACTIVE, NL",NL,ripencc,2018-01-16,2018-01-16
belastingen.hofvantwente.nl,213.214.121.187,213.214.96.0/19,8315,"SENTIA, NL",NL,ripencc,2003-03-12,2006-01-05
belastingen.itnoordenveld.nl,185.241.184.59,185.241.184.0/24,204754,"SYSACTIVE, NL",NL,ripencc,2018-01-16,2018-01-16
belastingen.noordenveld.nl,185.241.184.58,185.241.184.0/24,204754,"SYSACTIVE, NL",NL,ripencc,2018-01-16,2018-01-16
belastingen.renkum.nl,185.241.184.58,185.241.184.0/24,204754,"SYSACTIVE, NL",NL,ripencc,2018-01-16,2018-01-16
belastingen.rheden.nl,185.241.184.58,185.241.184.0/24,204754,"SYSACTIVE, NL",NL,ripencc,2018-01-16,2018-01-16
belastingen.rozendaal.nl,185.241.184.58,185.241.184.0/24,204754,"SYSACTIVE, NL",NL,ripencc,2018-01-16,2018-01-16
belastingportaal.boxtel.nl,176.62.195.174,176.62.192.0/21,8315,"SENTIA, NL",NL,ripencc,2011-06-09,2006-01-05
belastingportaal.sint-michielsgestel.nl,176.62.195.174,176.62.192.0/21,8315,"SENTIA, NL",NL,ripencc,2011-06-09,2006-01-05
berichtenbox.antwoordvoorbedrijven.nl,145.12.218.95,145.12.0.0/16,203396,"MINEZ-DICTU, NL",NL,ripencc,1993-09-01,2016-01-27
biociden.ctgb.nl,3.127.143.208,3.124.0.0/14,16509,"AMAZON-02, US",US,arin,2017-12-20,2000-05-04
bos.ns.nl,51.105.212.24,51.104.0.0/15,8075,"MICROSOFT-CORP-MSN-AS-BLOCK, US",GB,ripencc,1993-09-01,1997-03-31
bprchatbot.kpnnet.org,145.7.178.27,145.7.0.0/16,1136,"KPN KPN National, NL",NL,ripencc,1993-09-01,1993-09-01
bro.katwijk.nl,76.223.71.132,76.223.64.0/20,16509,"AMAZON-02, US",US,arin,2018-01-10,2000-05-04
broker.appsolutely.nl,75.2.77.150,75.2.64.0/20,16509,"AMAZON-02, US",US,arin,2018-01-10,2000-05-04
broker-staging.mozardsaas.nl,206.189.242.201,206.189.240.0/22,14061,"DIGITALOCEAN-ASN, US",US,arin,1995-11-15,2012-09-25
bromonitor.nl,147.181.12.252,147.181.12.0/22,202553,"DUO-NL-AS, NL",NL,ripencc,1991-07-05,2016-07-26
bro.pre.katwijk.nl,75.2.77.150,75.2.64.0/20,16509,"AMAZON-02, US",US,arin,2018-01-10,2000-05-04
capsule.qsight.nl,46.243.40.21,46.243.40.0/21,6819,"QIICT, NL",NL,ripencc,2011-01-12,2011-01-12
cert.pkioverheid.nl,80.79.96.185,80.79.96.0/20,21286,"KPN-CORPORATE-MARKET, NL",NL,ripencc,2001-07-11,2001-10-16
cgbs.coa.nl,159.46.198.86,159.46.192.0/21,29311,"SOLVINITY-, NL",NL,ripencc,1993-09-01,2003-07-29
cloudtunnel.rud-zeeland.nl,37.247.33.183,37.247.32.0/20,25459,"NEDZONE-AS, NL",NL,ripencc,2012-04-17,2002-11-29
cloudtunnel.terneuzen.nl,213.34.225.121,213.34.224.0/19,15542,"ZEELANDNET DELTA Fiber Nederland, NL",NL,ripencc,1999-09-16,2000-07-31
cms.digid.nl,93.92.103.96,93.92.100.0/22,24586,"NL-INTERMAX Intermax Cloudsourcing B.V., NL",NL,ripencc,2008-01-29,2002-01-09
coara.coa.nl,159.46.198.32,159.46.192.0/21,29311,"SOLVINITY-, NL",NL,ripencc,1993-09-01,2003-07-29
condortst.coa.nl,159.46.198.64,159.46.192.0/21,29311,"SOLVINITY-, NL",NL,ripencc,1993-09-01,2003-07-29
conf.hollandcasino.nl,145.222.214.148,145.222.0.0/16,21286,"KPN-CORPORATE-MARKET, NL",NL,ripencc,2002-10-09,2001-10-16
connect.ctgb.nl,131.224.0.105,131.224.0.0/16,1103,"SURFNET-NL SURFnet, The Netherlands, NL",NL,ripencc,1989-01-23,1993-09-01
connect-with.horizoncollege.nl,83.96.205.231,83.96.204.0/22,35470,"XL-AS, NL",NL,ripencc,2003-12-18,2006-11-29
connect-with.novacollege.nl,83.96.205.231,83.96.204.0/22,35470,"XL-AS, NL",NL,ripencc,2003-12-18,2006-11-29
connect-with.onderwijsgroeptilburg.nl,83.96.205.231,83.96.204.0/22,35470,"XL-AS, NL",NL,ripencc,2003-12-18,2006-11-29
connect-with.railov.nl,83.96.205.231,83.96.204.0/22,35470,"XL-AS, NL",NL,ripencc,2003-12-18,2006-11-29
connect-with.rocmensoalting.nl,FAILURE,,,,,,,
connect-with.rocmn.nl,FAILURE,,,,,,,
connect-with.rocva.nl,FAILURE,,,,,,,
console.dsh-dev.dsh.np.aws.kpn.com,34.243.239.247,34.240.0.0/13,16509,"AMAZON-02, US",US,arin,2016-09-12,2000-05-04
console.kpn-dsh.com,FAILURE,,,,,,,
console.poc.kpn-dsh.com,FAILURE,,,,,,,
console.rvp-azure-dsh.kpn-dsh.com,FAILURE,,,,,,,
console.rvp.kpn-dsh.com,FAILURE,,,,,,,
corona-check.stichtingpositiefwelzijn.nl,FAILURE,,,,,,,
coronarekening.rekenkamer.nl,FAILURE,,,,,,,
cps.pkioverheid.nl,FAILURE,,,,,,,
crl.pkioverheid.nl,FAILURE,,,,,,,
cs-portaal.procesinfrastructuur.nl,FAILURE,,,,,,,
cust01.portal.soc.kpn.com,FAILURE,,,,,,,
cust02.portal.soc.kpn.com,FAILURE,,,,,,,
data.cultureelerfgoed.nl,FAILURE,,,,,,,
dcypher.nl,FAILURE,,,,,,,
deelnemerspensioen.allianz.nl,FAILURE,,,,,,,
deelnemerspensioen-preprod.allianz.nl,FAILURE,,,,,,,
deelnemersportaal.mijnkoopvaardij.nl,FAILURE,,,,,,,
deelnemersportaal-mijnkoopvaardij-nl-a.mn-services.nl,FAILURE,,,,,,,
deelnemersportaal.mijnpmt.nl,FAILURE,,,,,,,
deelnemersportaal-mijnpmt-nl-a.mn-services.nl,FAILURE,,,,,,,
defmcd.mindef.nl,217.169.236.107,217.169.224.0/20,15466,"ASN-DTO Maasland Netherlands, NL",NL,ripencc,2001-03-27,2001-07-27
demijnraad.nl,147.181.6.149,147.181.4.0/22,202553,"DUO-NL-AS, NL",NL,ripencc,1991-07-05,2016-07-26
demo-geoservices.rijkswaterstaat.nl,145.45.0.41,145.45.0.0/17,42894,"MINVENW-RWS MinVenW-Rijkswaterstaat Backbone, NL",NL,ripencc,1992-01-01,2007-05-08
dev-datadelen.mijnenergiedata.nl,34.117.50.45,34.116.0.0/14,396982,"GOOGLE-CLOUD-PLATFORM, US",US,arin,2018-09-28,2018-08-15
dgp2.procesinfrastructuur.nl,144.43.253.17,144.43.252.0/22,212157,"LOGIUS-AZ-1, NL",NL,ripencc,1993-09-01,2020-12-15
digid.arnhem.nl,87.213.169.98,87.213.0.0/16,13127,"T-MOBILE AS for the Trans-European T-Mobile IP Transport backbone, NL",NL,ripencc,2005-06-02,2000-03-27
digiinkoop.nl,152.70.163.79,152.70.160.0/19,31898,"ORACLE-BMC-31898, US",US,arin,1991-08-21,2011-03-21
digiloc.kpn.com,195.121.120.237,195.121.64.0/18,8737,"PT, NL",NL,ripencc,1999-01-11,1998-03-31
digitalebelastingbalie.vlieland.nl,176.62.195.42,176.62.192.0/21,8315,"SENTIA, NL",NL,ripencc,2011-06-09,2006-01-05
digitoegankelijk.nl,93.92.103.99,93.92.100.0/22,24586,"NL-INTERMAX Intermax Cloudsourcing B.V., NL",NL,ripencc,2008-01-29,2002-01-09
dinkelland.nl,83.217.76.211,83.217.64.0/19,34762,"COMBELL-AS, BE",BE,ripencc,2004-03-05,2005-03-31
disc.eid-pp.kpn.com,145.222.106.249,145.222.0.0/16,21286,"KPN-CORPORATE-MARKET, NL",NL,ripencc,2002-10-09,2001-10-16
dji-mipost.ssc-i.nl,159.46.197.172,159.46.192.0/20,29311,"SOLVINITY-, NL",NL,ripencc,1993-09-01,2003-07-29
dji-mitunnel.ssc-i.nl,159.46.197.173,159.46.192.0/20,29311,"SOLVINITY-, NL",NL,ripencc,1993-09-01,2003-07-29
dji-miwork.ssc-i.nl,159.46.197.134,159.46.192.0/21,29311,"SOLVINITY-, NL",NL,ripencc,1993-09-01,2003-07-29
dloket.dommeldam.nl,212.159.202.149,212.159.192.0/19,29063,"ATOS-NL-AS Eindhoven, NL",NL,ripencc,2000-08-03,2003-05-22
dloket.oostgelre.nl,87.249.120.87,87.249.96.0/19,47886,"EQUINIX-NL-ASN, NL",NL,ripencc,2005-08-26,2008-09-11
dloket.roermond.nl,87.249.99.202,87.249.96.0/19,47886,"EQUINIX-NL-ASN, NL",NL,ripencc,2005-08-26,2008-09-11
dloket.twenterand.nl,87.249.120.44,87.249.96.0/19,47886,"EQUINIX-NL-ASN, NL",NL,ripencc,2005-08-26,2008-09-11
dmidoffice.dommeldam.nl,212.159.202.150,212.159.192.0/19,29063,"ATOS-NL-AS Eindhoven, NL",NL,ripencc,2000-08-03,2003-05-22
dmo.omgevingswet.overheid.nl,147.181.14.17,147.181.12.0/22,202553,"DUO-NL-AS, NL",NL,ripencc,1991-07-05,2016-07-26
dms-prod.app.ns.nl,145.15.208.150,145.15.208.0/21,1136,"KPN KPN National, NL",NL,ripencc,1993-09-01,1993-09-01
docgen.dev-lab2019.buzaservices.nl,52.143.25.184,52.136.0.0/13,8075,"MICROSOFT-CORP-MSN-AS-BLOCK, US",US,arin,2015-11-24,1997-03-31
docs.dsh-dev.dsh.np.aws.kpn.com,34.243.239.247,34.240.0.0/13,16509,"AMAZON-02, US",US,arin,2016-09-12,2000-05-04
docs.ndw.nu,104.40.215.219,104.40.0.0/13,8075,"MICROSOFT-CORP-MSN-AS-BLOCK, US",US,arin,2014-05-07,1997-03-31
downloads.broservices.nl,84.241.159.225,84.241.128.0/18,20847,"PREVIDER-AS, NL",NL,ripencc,2004-06-22,2001-06-18
downloads.persberichten.rijksoverheid.nl,195.137.215.152,195.137.214.0/23,15830,"EQUINIX, GB",NL,ripencc,2003-08-01,2000-10-20
dp2021.deltaprogramma.nl,46.182.180.88,46.182.180.0/23,12859,"NL-BIT BIT BV, NL",NL,ripencc,2010-11-26,1999-12-15
dp2022.deltaprogramma.nl,46.182.180.88,46.182.180.0/23,12859,"NL-BIT BIT BV, NL",NL,ripencc,2010-11-26,1999-12-15
drgps.agro.nl,145.12.218.62,145.12.0.0/16,203396,"MINEZ-DICTU, NL",NL,ripencc,1993-09-01,2016-01-27
dronten.nl,87.233.198.3,87.233.192.0/18,15703,"TRUESERVER-AS TrueServer BV AS number, NL",NL,ripencc,2005-07-07,2000-09-19
dvza-crlcheck.healthexchange.nl,217.149.65.248,217.149.64.0/20,15879,"KPN-INTERNEDSERVICES KPN Internedservices, NL",NL,ripencc,2001-03-12,2000-10-26
dvza-o.login.healthexchange.nl,217.149.65.247,217.149.64.0/20,15879,"KPN-INTERNEDSERVICES KPN Internedservices, NL",NL,ripencc,2001-03-12,2000-10-26
dwars.kpnbcs.nl,217.166.17.150,217.166.0.0/16,1136,"KPN KPN National, NL",NL,ripencc,2001-04-06,1993-09-01
dwo.ctgb.nl,37.235.115.39,37.235.112.0/21,35332,"DATAWEB DataWeb B.V. - The Netherlands, NL",NL,ripencc,2012-04-17,2005-07-18
dwo.scp.nl,192.87.68.82,192.87.0.0/16,1103,"SURFNET-NL SURFnet, The Netherlands, NL",NL,ripencc,1984-01-01,1993-09-01
ebms.voip.cm.com,188.94.184.181,188.94.184.0/23,15447,"AS-CM, NL",NL,ripencc,2018-07-06,2011-03-28
economicdiplomacy.gov.nl,147.181.6.149,147.181.4.0/22,202553,"DUO-NL-AS, NL",NL,ripencc,1991-07-05,2016-07-26
economicdiplomacy.rvo.nl,147.181.6.247,147.181.4.0/22,202553,"DUO-NL-AS, NL",NL,ripencc,1991-07-05,2016-07-26
edienstenburgerzaken.brunssum.nl,194.53.75.210,194.53.72.0/22,28878,"SIGNET-AS, NL",NL,ripencc,1993-07-19,2003-03-25
edienstenburgerzaken.defryskemarren.nl,194.53.75.210,194.53.72.0/22,28878,"SIGNET-AS, NL",NL,ripencc,1993-07-19,2003-03-25
edienstenburgerzaken.roerdalen.nl,194.53.75.210,194.53.72.0/22,28878,"SIGNET-AS, NL",NL,ripencc,1993-07-19,2003-03-25
edienstenburgerzaken.valkenburg.nl,194.53.75.210,194.53.72.0/22,28878,"SIGNET-AS, NL",NL,ripencc,1993-07-19,2003-03-25
edienstenburgerzaken.woudenberg.nl,194.53.75.210,194.53.72.0/22,28878,"SIGNET-AS, NL",NL,ripencc,1993-07-19,2003-03-25
edienstenburgerzaken.zeist.nl,194.53.75.210,194.53.72.0/22,28878,"SIGNET-AS, NL",NL,ripencc,1993-07-19,2003-03-25
ediensten-sociaaldomein.denhelder.nl,194.53.75.201,194.53.72.0/22,28878,"SIGNET-AS, NL",NL,ripencc,1993-07-19,2003-03-25
eh01.iwelcome.nl,76.223.71.132,76.223.64.0/20,16509,"AMAZON-02, US",US,arin,2018-01-10,2000-05-04
eherkenning.nl,93.92.103.99,93.92.100.0/22,24586,"NL-INTERMAX Intermax Cloudsourcing B.V., NL",NL,ripencc,2008-01-29,2002-01-09
eh.onewelcome.nl,80.158.54.177,80.158.48.0/20,6878,"AS6878, DE",DE,ripencc,2001-08-06,1996-12-18
eh.pre.onewelcome.nl,80.158.56.200,80.158.48.0/20,6878,"AS6878, DE",DE,ripencc,2001-08-06,1996-12-18
eid.authenticatie.a1.ota.domain-registry.nl,75.2.77.150,75.2.64.0/20,16509,"AMAZON-02, US",US,arin,2018-01-10,2000-05-04
eid.authentication.sidn.nl,13.248.206.174,13.248.192.0/20,16509,"AMAZON-02, US",US,arin,2018-07-11,2000-05-04
elearning.platformrijksoverheid.nl,78.31.115.222,78.31.115.0/24,20559,"FUNDAMENTS-AS, NL",NL,ripencc,2007-11-09,2015-08-13
elogintst.pensioenslagers.nl,75.2.77.150,75.2.64.0/20,16509,"AMAZON-02, US",US,arin,2018-01-10,2000-05-04
eloket.weert.nl,31.171.205.182,31.171.200.0/21,31673,"UNISERVER-AS, NL",NL,ripencc,2011-04-04,2004-07-07
e-maildiensten.rijksoverheid.nl,195.137.215.135,195.137.214.0/23,15830,"EQUINIX, GB",NL,ripencc,2003-08-01,2000-10-20
emrmdm.ssc-i.nl,159.46.197.171,159.46.192.0/18,29311,"SOLVINITY-, NL",NL,ripencc,1993-09-01,2003-07-29
energieslag.rvo.nl,147.181.6.247,147.181.4.0/22,202553,"DUO-NL-AS, NL",NL,ripencc,1991-07-05,2016-07-26
eolf.octrooicentrum.nl,145.12.218.17,145.12.0.0/16,203396,"MINEZ-DICTU, NL",NL,ripencc,1993-09-01,2016-01-27
epo-eid.org,99.83.232.131,99.83.224.0/20,16509,"AMAZON-02, US",US,arin,2018-01-10,2000-05-04
esp.mfaservices.nl,20.50.239.148,20.48.0.0/12,8075,"MICROSOFT-CORP-MSN-AS-BLOCK, US",US,arin,2017-10-18,1997-03-31
europeanpartnership-responsibleminerals.eu,147.181.6.60,147.181.4.0/22,202553,"DUO-NL-AS, NL",NL,ripencc,1991-07-05,2016-07-26
euwijzer.waterenklimaat.nl,83.149.93.214,83.149.64.0/18,60781,"LEASEWEB-NL-AMS-01 Netherlands, NL",NL,ripencc,2004-03-09,2013-05-13
exact.mboamersfoort.nl,195.72.123.226,195.72.122.0/23,51849,"ESHGRO, NL",NL,ripencc,2000-08-07,2010-11-15
exp.authorizationregistry.vismaconnect.nl,52.31.193.141,52.30.0.0/15,16509,"AMAZON-02, US",US,arin,1991-12-19,2000-05-04
facturen.ubrijk.nl,85.222.225.133,85.222.224.0/22,35470,"XL-AS, NL",NL,ripencc,2005-03-22,2006-11-29
filesender.ctgb.nl,37.235.115.35,37.235.112.0/21,35332,"DATAWEB DataWeb B.V. - The Netherlands, NL",NL,ripencc,2012-04-17,2005-07-18
fileshare.rijksdienstcn.com,190.123.18.232,190.123.16.0/22,52389,"SSCS BV, BQ",BQ,lacnic,2012-08-17,2012-08-17
flexpitality.nl,147.181.98.150,147.181.98.0/24,48037,"SSO-ICT, NL",NL,ripencc,1991-07-05,2008-10-02
formulier.emissieautoriteit.nl,62.204.92.185,62.204.92.0/22,41887,"PROLOCATION Prolocation, NL",NL,ripencc,2000-06-22,2006-11-09
formulieren.buren.nl,87.233.198.198,87.233.192.0/18,15703,"TRUESERVER-AS TrueServer BV AS number, NL",NL,ripencc,2005-07-07,2000-09-19
formulieren.defryskemarren.nl,62.165.70.179,62.165.64.0/18,20847,"PREVIDER-AS, NL",NL,ripencc,2001-09-25,2001-06-18
formulieren.doetinchem.nl,62.165.70.183,62.165.64.0/18,20847,"PREVIDER-AS, NL",NL,ripencc,2001-09-25,2001-06-18
formulieren.gemeentehw.nl,87.233.198.198,87.233.192.0/18,15703,"TRUESERVER-AS TrueServer BV AS number, NL",NL,ripencc,2005-07-07,2000-09-19
formulieren.haarlemmermeer.nl,31.161.51.29,31.160.0.0/15,1136,"KPN KPN National, NL",NL,ripencc,2011-02-16,1993-09-01
formulieren.laborijn.nl,62.165.70.183,62.165.64.0/18,20847,"PREVIDER-AS, NL",NL,ripencc,2001-09-25,2001-06-18
formulieren.odmh.nl,195.72.120.22,195.72.120.0/24,41887,"PROLOCATION Prolocation, NL",NL,ripencc,2000-08-07,2006-11-09
forumstandaardisatie.nl,93.92.103.99,93.92.100.0/22,24586,"NL-INTERMAX Intermax Cloudsourcing B.V., NL",NL,ripencc,2008-01-29,2002-01-09
freeler.email.kpn.com,213.75.10.146,213.75.0.0/17,8737,"PT, NL",NL,ripencc,2000-04-06,1998-03-31
gateway.mobiel-werken.nl,193.176.224.86,193.176.224.0/24,48037,"SSO-ICT, NL",NL,ripencc,1993-05-03,2008-10-02
gateway-tst.edsn.nl,3.124.199.61,3.124.0.0/14,16509,"AMAZON-02, US",US,arin,2017-12-20,2000-05-04
gegevensdelen.mijn.overheid.nl,144.43.254.94,144.43.252.0/22,212157,"LOGIUS-AZ-1, NL",NL,ripencc,1993-09-01,2020-12-15
gegevensdelen.preprod.mijn.overheid.nl,144.43.254.31,144.43.252.0/22,212157,"LOGIUS-AZ-1, NL",NL,ripencc,1993-09-01,2020-12-15
geo.roermond.nl,212.178.155.113,212.178.128.0/19,33915,"TNF-AS, NL",NL,ripencc,1999-06-23,2004-09-06
geoservices.cultureelerfgoed.nl,147.181.6.180,147.181.4.0/22,202553,"DUO-NL-AS, NL",NL,ripencc,1991-07-05,2016-07-26
geosservicesacc.kpn.com,195.121.103.140,195.121.64.0/18,8737,"PT, NL",NL,ripencc,1999-01-11,1998-03-31
geoweb.rijkswaterstaat.nl,131.237.78.225,131.237.78.0/24,42894,"MINVENW-RWS MinVenW-Rijkswaterstaat Backbone, NL",NL,ripencc,1992-01-01,2007-05-08
gewasbeschermingsmiddelen.ctgb.nl,18.157.253.17,18.156.0.0/14,16509,"AMAZON-02, US",US,arin,2019-10-07,2000-05-04
gisviewer.odnzkg.nl,93.117.240.48,93.117.192.0/18,33915,"TNF-AS, NL",NL,ripencc,2007-12-21,2004-09-06
gitlab.bsn-koppelregister.nl,144.43.244.233,144.43.240.0/21,212157,"LOGIUS-AZ-1, NL",NL,ripencc,1993-09-01,2020-12-15
globe-portaal-internet.procesinfrastructuur.nl,144.43.241.243,144.43.240.0/21,212157,"LOGIUS-AZ-1, NL",NL,ripencc,1993-09-01,2020-12-15
goedkeur-d.apps.minocw.nl,147.181.6.153,147.181.4.0/22,202553,"DUO-NL-AS, NL",NL,ripencc,1991-07-05,2016-07-26
grondwater.dronten.nl,185.52.3.8,185.52.0.0/22,198203,"ASN-ROUTELABEL, NL",US,ripencc,2014-03-27,2011-11-08
gtpa.agro.nl,145.12.218.105,145.12.0.0/16,203396,"MINEZ-DICTU, NL",NL,ripencc,1993-09-01,2016-01-27
guaranteeforum.eu,147.181.6.149,147.181.4.0/22,202553,"DUO-NL-AS, NL",NL,ripencc,1991-07-05,2016-07-26
hethogeland.nl,90.145.221.254,90.145.0.0/16,29396,"EUROFIBER-UNET EUROFIBER, NL",NL,ripencc,2006-11-17,2003-08-28
home.mijngezondheid.net,178.22.59.128,178.22.56.0/21,12859,"NL-BIT BIT BV, NL",NL,ripencc,2010-04-01,1999-12-15
honeypots.kpnmail.nl,213.75.24.41,213.75.0.0/17,8737,"PT, NL",NL,ripencc,2000-04-06,1998-03-31
host.kpnretail.nl,195.121.120.243,195.121.64.0/18,8737,"PT, NL",NL,ripencc,1999-01-11,1998-03-31
iamabac.wigo4it.nl,13.94.248.71,13.64.0.0/11,8075,"MICROSOFT-CORP-MSN-AS-BLOCK, US",US,arin,2015-03-26,1997-03-31
iamportal.wigo4it.nl,13.94.248.71,13.64.0.0/11,8075,"MICROSOFT-CORP-MSN-AS-BLOCK, US",US,arin,2015-03-26,1997-03-31
iburgerzaken.eemsdelta.nl,45.80.232.26,45.80.232.0/22,15879,"KPN-INTERNEDSERVICES KPN Internedservices, NL",NL,ripencc,2019-05-16,2000-10-26
iburgerzaken.gooisemeren.nl,45.80.232.27,45.80.232.0/22,15879,"KPN-INTERNEDSERVICES KPN Internedservices, NL",NL,ripencc,2019-05-16,2000-10-26
ibzpink.eemsdelta.nl,45.80.232.23,45.80.232.0/22,15879,"KPN-INTERNEDSERVICES KPN Internedservices, NL",NL,ripencc,2019-05-16,2000-10-26
ibzpink.gooisemeren.nl,45.80.232.23,45.80.232.0/22,15879,"KPN-INTERNEDSERVICES KPN Internedservices, NL",NL,ripencc,2019-05-16,2000-10-26
identificatie.uwzorgonline.nl,185.78.250.175,185.78.248.0/22,201311,"ITCREATION, NL",NL,ripencc,2014-11-26,2014-11-26
id.onderwijsgroeptilburg.nl,89.146.41.62,89.146.0.0/18,28685,"ASN-ROUTIT, NL",NL,ripencc,2006-02-02,2003-01-29
idp.kvk.nl,176.117.57.39,176.117.57.0/24,13127,"T-MOBILE AS for the Trans-European T-Mobile IP Transport backbone, NL",NL,ripencc,2012-05-15,2000-03-27
id.railov.nl,84.246.21.86,84.246.0.0/18,28685,"ASN-ROUTIT, NL",NL,ripencc,2004-08-04,2003-01-29
id.rocva.nl,89.146.53.186,89.146.0.0/18,28685,"ASN-ROUTIT, NL",NL,ripencc,2006-02-02,2003-01-29
idtst.railov.nl,46.44.134.119,46.44.128.0/18,28685,"ASN-ROUTIT, NL",NL,ripencc,2010-08-27,2003-01-29
iene-prd.topdesk.odc-noord.nl,147.181.15.142,147.181.12.0/22,202553,"DUO-NL-AS, NL",NL,ripencc,1991-07-05,2016-07-26
image.mailing.rijksoverheid.nl,18.65.39.89,18.65.32.0/21,16509,"AMAZON-02, US",US,arin,2019-10-07,2000-05-04
immissietoets.nl,131.237.78.188,131.237.78.0/24,42894,"MINVENW-RWS MinVenW-Rijkswaterstaat Backbone, NL",NL,ripencc,1992-01-01,2007-05-08
inkomensondersteuning.gemeentelandvancuijk.nl,194.53.75.201,194.53.72.0/22,28878,"SIGNET-AS, NL",NL,ripencc,1993-07-19,2003-03-25
inloggen.arag-intermediair.nl,76.223.71.132,76.223.64.0/20,16509,"AMAZON-02, US",US,arin,2018-01-10,2000-05-04
inlog.kvdportaal.nl,212.159.226.167,212.159.224.0/19,29063,"ATOS-NL-AS Eindhoven, NL",NL,ripencc,2000-08-03,2003-05-22
inlog-kvdportaal-nl-a.mn-services.nl,212.159.226.169,212.159.224.0/19,29063,"ATOS-NL-AS Eindhoven, NL",NL,ripencc,2000-08-03,2003-05-22
inlog.mijnkoopvaardij.nl,212.159.226.167,212.159.224.0/19,29063,"ATOS-NL-AS Eindhoven, NL",NL,ripencc,2000-08-03,2003-05-22
inlog-mijnkoopvaardij-nl-a.mn-services.nl,212.159.226.169,212.159.224.0/19,29063,"ATOS-NL-AS Eindhoven, NL",NL,ripencc,2000-08-03,2003-05-22
inlog.mijnpmt.nl,212.159.226.167,212.159.224.0/19,29063,"ATOS-NL-AS Eindhoven, NL",NL,ripencc,2000-08-03,2003-05-22
inlog-mijnpmt-nl-a.mn-services.nl,212.159.226.169,212.159.224.0/19,29063,"ATOS-NL-AS Eindhoven, NL",NL,ripencc,2000-08-03,2003-05-22
inlog.werkgeversportalen.nl,212.159.226.167,212.159.224.0/19,29063,"ATOS-NL-AS Eindhoven, NL",NL,ripencc,2000-08-03,2003-05-22
inlog-werkgeversportalen-nl-a.mn-services.nl,212.159.226.169,212.159.224.0/19,29063,"ATOS-NL-AS Eindhoven, NL",NL,ripencc,2000-08-03,2003-05-22
inr.omgevingsloket.nl,94.228.135.140,94.228.128.0/21,41887,"PROLOCATION Prolocation, NL",NL,ripencc,2008-10-29,2006-11-09
installedbase.wmp-ct.kpn-wholesale.com,145.7.176.26,145.7.0.0/16,1136,"KPN KPN National, NL",NL,ripencc,1993-09-01,1993-09-01
intake.omgevingsloket.nl,94.228.135.154,94.228.128.0/21,41887,"PROLOCATION Prolocation, NL",NL,ripencc,2008-10-29,2006-11-09
internet.veilig.kpn.com,20.54.140.128,20.48.0.0/12,8075,"MICROSOFT-CORP-MSN-AS-BLOCK, US",US,arin,2017-10-18,1997-03-31
internet.veilig.tst.kpn.com,20.50.231.102,20.48.0.0/12,8075,"MICROSOFT-CORP-MSN-AS-BLOCK, US",US,arin,2017-10-18,1997-03-31
internet.zorg-id.nl,31.149.236.60,31.149.0.0/16,1136,"KPN KPN National, NL",NL,ripencc,2011-02-16,1993-09-01
intranet.scp.nl,185.159.139.92,185.159.136.0/22,43366,"OSSO, NL",NL,ripencc,2016-07-14,2007-07-20
intranetvan.rvo.nl,147.181.6.247,147.181.4.0/22,202553,"DUO-NL-AS, NL",NL,ripencc,1991-07-05,2016-07-26
iparticipatie.stroomopwaarts.nl,45.80.232.32,45.80.232.0/22,15879,"KPN-INTERNEDSERVICES KPN Internedservices, NL",NL,ripencc,2019-05-16,2000-10-26
iparticipatie.wierden.nl,45.80.232.32,45.80.232.0/22,15879,"KPN-INTERNEDSERVICES KPN Internedservices, NL",NL,ripencc,2019-05-16,2000-10-26
isd.owinsp.nl,147.181.6.176,147.181.4.0/22,202553,"DUO-NL-AS, NL",NL,ripencc,1991-07-05,2016-07-26
itvsettings.wmp-ct.kpn-wholesale.com,145.7.176.29,145.7.0.0/16,1136,"KPN KPN National, NL",NL,ripencc,1993-09-01,1993-09-01
izaaksuite.bergenopzoom.nl,85.90.93.209,85.90.64.0/19,1126,"VANCIS Vancis Advanced ICT Services, EU",NL,ripencc,2004-11-08,1993-09-01
izaaksuite.opsterland.nl,85.90.93.219,85.90.64.0/19,1126,"VANCIS Vancis Advanced ICT Services, EU",NL,ripencc,2004-11-08,1993-09-01
jenkins.nsi.topaas.ns.nl,20.71.173.25,20.64.0.0/10,8075,"MICROSOFT-CORP-MSN-AS-BLOCK, US",US,arin,2017-10-18,1997-03-31
jio.nl,159.46.193.44,159.46.192.0/20,29311,"SOLVINITY-, NL",NL,ripencc,1993-09-01,2003-07-29
jump.kiwaregister.nl,18.157.189.49,18.156.0.0/14,16509,"AMAZON-02, US",US,arin,2019-10-07,2000-05-04
kaart.geo.cultureelerfgoed.nl,84.241.137.101,84.241.128.0/18,20847,"PREVIDER-AS, NL",NL,ripencc,2004-06-22,2001-06-18
kamervoordebinnenvisserij.nl,147.181.6.247,147.181.4.0/22,202553,"DUO-NL-AS, NL",NL,ripencc,1991-07-05,2016-07-26
kemprogramma.nl,147.181.6.247,147.181.4.0/22,202553,"DUO-NL-AS, NL",NL,ripencc,1991-07-05,2016-07-26
kennisdelen.rvo.nl,147.181.6.149,147.181.4.0/22,202553,"DUO-NL-AS, NL",NL,ripencc,1991-07-05,2016-07-26
keten.sophie.oidji.nl,20.82.38.40,20.64.0.0/10,8075,"MICROSOFT-CORP-MSN-AS-BLOCK, US",US,arin,2017-10-18,1997-03-31
koaportaal.nl,62.112.236.45,62.112.224.0/20,29311,"SOLVINITY-, NL",NL,ripencc,2002-12-20,2003-07-29
kpngeofiberprod.kpn.com,62.12.14.184,62.12.0.0/19,1136,"KPN KPN National, NL",NL,ripencc,1997-05-15,1993-09-01
kprc.keylanehosting.com,193.173.20.148,193.172.0.0/15,1136,"KPN KPN National, NL",NL,ripencc,1993-09-01,1993-09-01
kvk.awareways-engine.com,37.128.148.8,37.128.144.0/21,197902,"HOSTNET, NL",NL,ripencc,2012-02-17,2011-06-20
learningnetwork.pleio.nl,147.181.6.149,147.181.4.0/22,202553,"DUO-NL-AS, NL",NL,ripencc,1991-07-05,2016-07-26
leerhuisinformatiehuishouding.nl,82.161.224.223,82.161.0.0/16,3265,"XS4ALL-NL Amsterdam, NL",NL,ripencc,2003-07-14,1994-10-25
leeromgeving.kustwacht.nl,20.82.38.40,20.64.0.0/10,8075,"MICROSOFT-CORP-MSN-AS-BLOCK, US",US,arin,2017-10-18,1997-03-31
life-ip-deltanatuur.nl,147.181.6.247,147.181.4.0/22,202553,"DUO-NL-AS, NL",NL,ripencc,1991-07-05,2016-07-26
liferay.mfaservices.nl,20.50.239.148,20.48.0.0/12,8075,"MICROSOFT-CORP-MSN-AS-BLOCK, US",US,arin,2017-10-18,1997-03-31
ln-emff.pleio.nl,147.181.6.247,147.181.4.0/22,202553,"DUO-NL-AS, NL",NL,ripencc,1991-07-05,2016-07-26
login.klicon.nl,82.94.168.209,82.92.0.0/14,3265,"XS4ALL-NL Amsterdam, NL",NL,ripencc,2003-11-25,1994-10-25
login.rivm.nl,76.223.71.132,76.223.64.0/20,16509,"AMAZON-02, US",US,arin,2018-01-10,2000-05-04
login-select2.alliancepensioenen.nl,76.223.71.132,76.223.64.0/20,16509,"AMAZON-02, US",US,arin,2018-01-10,2000-05-04
login-select2.metropensioenfonds.nl,76.223.71.132,76.223.64.0/20,16509,"AMAZON-02, US",US,arin,2018-01-10,2000-05-04
logius.nl,93.92.103.99,93.92.100.0/22,24586,"NL-INTERMAX Intermax Cloudsourcing B.V., NL",NL,ripencc,2008-01-29,2002-01-09
loket.gemeentehulst.nl,217.119.229.93,217.119.224.0/20,16350,"ECHELON-AS Institutenweg 38, NL",NL,ripencc,2001-02-16,2001-03-08
loket.hdsr.nl,217.119.231.51,217.119.224.0/20,16350,"ECHELON-AS Institutenweg 38, NL",NL,ripencc,2001-02-16,2001-03-08
magazines.logius.nl,178.22.85.146,178.22.84.0/22,41887,"PROLOCATION Prolocation, NL",NL,ripencc,2010-04-06,2006-11-09
magazines.volkshuisvestingnederland.nl,178.22.85.149,178.22.84.0/22,41887,"PROLOCATION Prolocation, NL",NL,ripencc,2010-04-06,2006-11-09
magazines.voordejeugd.nl,34.91.151.1,34.91.144.0/20,396982,"GOOGLE-CLOUD-PLATFORM, US",US,arin,2018-09-28,2018-08-15
mailing.rijksoverheid.nl,195.137.215.135,195.137.214.0/23,15830,"EQUINIX, GB",NL,ripencc,2003-08-01,2000-10-20
malwarelab.nl,95.214.18.244,95.214.18.0/24,35709,"TRIX, NL",NL,ripencc,2018-12-21,2018-12-21
mam.ctgb.nl,37.235.115.40,37.235.112.0/21,35332,"DATAWEB DataWeb B.V. - The Netherlands, NL",NL,ripencc,2012-04-17,2005-07-18
mam.scp.nl,192.87.68.80,192.87.0.0/16,1103,"SURFNET-NL SURFnet, The Netherlands, NL",NL,ripencc,1984-01-01,1993-09-01
max.zelfbco.nl,62.204.70.25,62.204.64.0/19,41887,"PROLOCATION Prolocation, NL",NL,ripencc,2000-06-22,2006-11-09
mbgproxy.156473291.mpc.kpn.org,82.201.110.16,82.201.0.0/17,15879,"KPN-INTERNEDSERVICES KPN Internedservices, NL",NL,ripencc,2003-09-18,2000-10-26
mdm.ctgb.nl,3.127.143.208,3.124.0.0/14,16509,"AMAZON-02, US",US,arin,2017-12-20,2000-05-04
mebscienceday.nl,185.23.24.156,185.23.24.0/24,60950,"CLOUDNL-AS, NL",NL,ripencc,2013-04-05,2013-04-04
media.om.nl,159.46.194.54,159.46.192.0/21,29311,"SOLVINITY-, NL",NL,ripencc,1993-09-01,2003-07-29
meldloket.postedworkers.nl,52.174.181.121,52.160.0.0/11,8075,"MICROSOFT-CORP-MSN-AS-BLOCK, US",US,arin,2015-11-24,1997-03-31
metrics.justitieconnect.nl,159.46.196.78,159.46.196.0/22,29311,"SOLVINITY-, NL",NL,ripencc,1993-09-01,2003-07-29
micollab.0000000003.mpc.kpn.org,82.201.110.11,82.201.0.0/17,15879,"KPN-INTERNEDSERVICES KPN Internedservices, NL",NL,ripencc,2003-09-18,2000-10-26
micollab.1029870012.mpc.kpn.org,82.201.110.17,82.201.0.0/17,15879,"KPN-INTERNEDSERVICES KPN Internedservices, NL",NL,ripencc,2003-09-18,2000-10-26
micollab.1132355745.mpc.kpn.org,82.201.110.14,82.201.0.0/17,15879,"KPN-INTERNEDSERVICES KPN Internedservices, NL",NL,ripencc,2003-09-18,2000-10-26
micollab.15809409.mpc.kpn.org,82.201.110.13,82.201.0.0/17,15879,"KPN-INTERNEDSERVICES KPN Internedservices, NL",NL,ripencc,2003-09-18,2000-10-26
microlearnings.ns.nl,20.50.2.40,20.48.0.0/12,8075,"MICROSOFT-CORP-MSN-AS-BLOCK, US",US,arin,2017-10-18,1997-03-31
mijnafspraak.scherpenzeel.nl,217.119.235.157,217.119.224.0/20,16350,"ECHELON-AS Institutenweg 38, NL",NL,ripencc,2001-02-16,2001-03-08
mijn.alexandermonro.nl,77.222.78.230,77.222.64.0/19,47886,"EQUINIX-NL-ASN, NL",NL,ripencc,2007-04-10,2008-09-11
mijna.railov.nl,185.70.233.134,185.70.232.0/22,48522,"CGI-NEDERLAND-BV, NL",NL,ripencc,2014-09-22,2008-12-05
mijn.belastingdienst-cn.nl,190.123.18.224,190.123.18.0/24,52389,"SSCS BV, BQ",BQ,lacnic,2012-08-17,2012-08-17
mijn.bghu.nl,176.62.195.67,176.62.192.0/21,8315,"SENTIA, NL",NL,ripencc,2011-06-09,2006-01-05
mijn.boerhaave.nl,46.244.5.100,46.244.0.0/19,51088,"A2B, NL",NL,ripencc,2010-12-28,2010-05-28
mijnbouwvergunningen.nl,147.181.6.149,147.181.4.0/22,202553,"DUO-NL-AS, NL",NL,ripencc,1991-07-05,2016-07-26
mijn.bovenij.nl,85.90.80.99,85.90.64.0/19,1126,"VANCIS Vancis Advanced ICT Services, EU",NL,ripencc,2004-11-08,1993-09-01
mijn.cwz.nl,194.13.164.39,194.13.160.0/20,205915,"PINKROCCADE, NL",NL,ripencc,1994-01-10,2017-05-08
mijn.denhaag.nl,217.68.54.213,217.68.48.0/20,29263,"HAAGNET-AS , NL",NL,ripencc,2003-07-07,2003-07-16
mijn.dijklander.nl,77.222.78.230,77.222.64.0/19,47886,"EQUINIX-NL-ASN, NL",NL,ripencc,2007-04-10,2008-09-11
mijn.epe.nl,3.66.182.8,3.64.0.0/12,16509,"AMAZON-02, US",US,arin,2017-12-20,2000-05-04
mijnhulpbijschulden.utrecht.nl,185.206.140.160,185.206.140.0/22,61351,"LINFOSYS, NL",NL,ripencc,2017-06-01,2020-05-14
mijninkomen.fijnder.nl,194.53.73.125,194.53.72.0/22,28878,"SIGNET-AS, NL",NL,ripencc,1993-07-19,2003-03-25
mijn.lerarenportfolio.nl,82.201.78.143,82.201.0.0/17,15879,"KPN-INTERNEDSERVICES KPN Internedservices, NL",NL,ripencc,2003-09-18,2000-10-26
mijnloket.isdbollenstreek.nl,93.154.102.218,93.154.0.0/17,1136,"KPN KPN National, NL",NL,ripencc,2011-08-31,1993-09-01
mijnmap.jbz.nl,62.165.74.101,62.165.64.0/18,20847,"PREVIDER-AS, NL",NL,ripencc,2001-09-25,2001-06-18
mijnmaxima.prinsesmaximacentrum.nl,194.171.216.18,194.171.0.0/16,1103,"SURFNET-NL SURFnet, The Netherlands, NL",NL,ripencc,1995-06-12,1993-09-01
mijn.medsafe.io,20.160.218.3,20.160.0.0/12,8075,"MICROSOFT-CORP-MSN-AS-BLOCK, US",US,arin,2017-02-22,1997-03-31
mijn.middendelfland.nl,3.69.155.204,3.64.0.0/12,16509,"AMAZON-02, US",US,arin,2017-12-20,2000-05-04
mijn.mzh.nl,107.162.228.83,107.162.228.0/24,55002,"DEFENSE-NET, US",US,arin,2013-12-19,2013-02-12
mijn.oude-ijsselstreek.nl,18.158.109.140,18.156.0.0/14,16509,"AMAZON-02, US",US,arin,2019-10-07,2000-05-04
mijnoverzicht.haltewerk.nl,194.53.73.125,194.53.72.0/22,28878,"SIGNET-AS, NL",NL,ripencc,1993-07-19,2003-03-25
mijnoverzicht.sint-michielsgestel.nl,194.53.73.125,194.53.72.0/22,28878,"SIGNET-AS, NL",NL,ripencc,1993-07-19,2003-03-25
mijnpensioen.allianz.nl,109.235.78.154,109.235.72.0/21,25151,"CYSO-AS, NL",NL,ripencc,2010-01-25,2002-08-09
mijn.railov.nl,185.70.233.136,185.70.232.0/22,48522,"CGI-NEDERLAND-BV, NL",NL,ripencc,2014-09-22,2008-12-05
mijn.rkz.nl,93.191.0.243,93.191.0.0/21,47863,"SDSK, NL",NL,ripencc,2008-05-26,2008-09-08
mijnsociaalplein.gemeentemaashorst.nl,194.53.73.125,194.53.72.0/22,28878,"SIGNET-AS, NL",NL,ripencc,1993-07-19,2003-03-25
mijn.spijkenissemc.nl,77.222.78.230,77.222.64.0/19,47886,"EQUINIX-NL-ASN, NL",NL,ripencc,2007-04-10,2008-09-11
mijnsubsidies-api.limburg.nl,185.92.61.41,185.92.60.0/22,200428,"SOUTHERNHILL, NL",NL,ripencc,2015-03-17,2015-07-06
mijnsubsidies.limburg.nl,185.92.61.41,185.92.60.0/22,200428,"SOUTHERNHILL, NL",NL,ripencc,2015-03-17,2015-07-06
mijn.terneuzen.nl,3.66.182.8,3.64.0.0/12,16509,"AMAZON-02, US",US,arin,2017-12-20,2000-05-04
mijnuitkering.s-hertogenbosch.nl,213.207.70.230,213.207.64.0/18,9150,"INTERCONNECT Interconnect Services BV, NL",NL,ripencc,2005-03-30,1999-01-12
mijn.vlaardingen.nl,18.158.109.140,18.156.0.0/14,16509,"AMAZON-02, US",US,arin,2019-10-07,2000-05-04
mijn.werkpleinhartvanwest-brabant.nl,18.158.109.140,18.156.0.0/14,16509,"AMAZON-02, US",US,arin,2019-10-07,2000-05-04
mijnwerkplek.cbg-meb.nl,62.112.240.34,62.112.240.0/21,29311,"SOLVINITY-, NL",NL,ripencc,2002-12-20,2003-07-29
mijn.wijkbijduurstede.nl,3.69.155.204,3.64.0.0/12,16509,"AMAZON-02, US",US,arin,2017-12-20,2000-05-04
mijnwijk.zwolle.nl,37.34.60.39,37.34.56.0/21,20857,"TRANSIP-AS Amsterdam, the Netherlands, NL",NL,ripencc,2012-01-03,2001-06-20
mijnzaken.halderberge.nl,3.69.155.204,3.64.0.0/12,16509,"AMAZON-02, US",US,arin,2017-12-20,2000-05-04
mijnzaken.haltewerk.nl,3.69.155.204,3.64.0.0/12,16509,"AMAZON-02, US",US,arin,2017-12-20,2000-05-04
mobiel.ota-dpo.nl,87.213.100.180,87.213.0.0/16,13127,"T-MOBILE AS for the Trans-European T-Mobile IP Transport backbone, NL",NL,ripencc,2005-06-02,2000-03-27
mobiel.sittard-geleen.nl,93.95.250.248,93.95.248.0/21,39686,"ASN-EUROFIBER, NL",NL,ripencc,2008-04-07,2015-03-06
mobile.ota-dpo.nl,87.213.100.184,87.213.0.0/16,13127,"T-MOBILE AS for the Trans-European T-Mobile IP Transport backbone, NL",NL,ripencc,2005-06-02,2000-03-27
mobile.rijksdienstcn.com,190.123.18.225,190.123.18.0/24,52389,"SSCS BV, BQ",BQ,lacnic,2012-08-17,2012-08-17
monitoring.dsh-dev.dsh.np.aws.kpn.com,34.243.239.247,34.240.0.0/13,16509,"AMAZON-02, US",US,arin,2016-09-12,2000-05-04
monitoring.dsh-prod.dsh.prod.aws.kpn.com,34.243.68.35,34.240.0.0/13,16509,"AMAZON-02, US",US,arin,2016-09-12,2000-05-04
monitoring.kpn-dsh.com,35.156.37.241,35.156.0.0/14,16509,"AMAZON-02, US",US,arin,2016-08-09,2000-05-04
monitoring.poc.kpn-dsh.com,35.158.54.73,35.156.0.0/14,16509,"AMAZON-02, US",US,arin,2016-08-09,2000-05-04
monitoring.rvp-azure-dsh.kpn-dsh.com,FAILURE,,,,,,,
monitoring.rvp.kpn-dsh.com,18.194.246.27,18.194.0.0/15,16509,"AMAZON-02, US",US,arin,2019-10-07,2000-05-04
mowi.bwnet.nl,176.62.195.104,176.62.192.0/21,8315,"SENTIA, NL",NL,ripencc,2011-06-09,2006-01-05
mqtt.poc.kpn-dsh.com,3.76.77.39,3.64.0.0/12,16509,"AMAZON-02, US",US,arin,2017-12-20,2000-05-04
mqtt.rvp-azure-dsh.kpn-dsh.com,FAILURE,,,,,,,
mqtt.rvp.kpn-dsh.com,3.73.131.248,3.64.0.0/12,16509,"AMAZON-02, US",US,arin,2017-12-20,2000-05-04
mst.ctgb.nl,3.127.143.208,3.124.0.0/14,16509,"AMAZON-02, US",US,arin,2017-12-20,2000-05-04
mysites.dev-lab2019.buzaservices.nl,13.94.185.143,13.64.0.0/11,8075,"MICROSOFT-CORP-MSN-AS-BLOCK, US",US,arin,2015-03-26,1997-03-31
n35wijthmennijverdal.nl,5.22.248.122,5.22.248.0/21,39704,"CJ2-AS, NL",NL,ripencc,2012-05-04,2006-04-12
nc.rivm.rijkscloud.nl,147.181.36.198,147.181.36.0/22,202553,"DUO-NL-AS, NL",NL,ripencc,1991-07-05,2016-07-26
netflix.kpn.com,20.54.140.128,20.48.0.0/12,8075,"MICROSOFT-CORP-MSN-AS-BLOCK, US",US,arin,2017-10-18,1997-03-31
netflix.vgw.kpn.com,213.75.10.146,213.75.0.0/17,8737,"PT, NL",NL,ripencc,2000-04-06,1998-03-31
nl-works.nl,147.181.6.149,147.181.4.0/22,202553,"DUO-NL-AS, NL",NL,ripencc,1991-07-05,2016-07-26
npr2.idm.diginetwerk.net,147.181.15.66,147.181.12.0/22,202553,"DUO-NL-AS, NL",NL,ripencc,1991-07-05,2016-07-26
npr3.idm.diginetwerk.net,147.181.36.2,147.181.36.0/22,202553,"DUO-NL-AS, NL",NL,ripencc,1991-07-05,2016-07-26
npr.kpncareportal.com,193.84.9.163,193.84.9.0/24,34427,"COMSENSO, NL",NL,ripencc,2006-02-01,2005-01-17
nsrahp-t.ns.nl,52.233.137.238,52.224.0.0/11,8075,"MICROSOFT-CORP-MSN-AS-BLOCK, US",US,arin,2015-11-24,1997-03-31
nwro.gemnet.nl,91.233.206.55,91.233.206.0/24,39591,"GLOBAL-E, NL",BE,ripencc,2011-12-16,2007-06-22
office.dev-lab2019.buzaservices.nl,52.136.247.29,52.136.0.0/13,8075,"MICROSOFT-CORP-MSN-AS-BLOCK, US",US,arin,2015-11-24,1997-03-31
office.wigo4it.nl,80.113.84.139,80.113.0.0/17,33915,"TNF-AS, NL",NL,ripencc,2001-07-25,2004-09-06
offshorewind.rvo.nl,147.181.6.247,147.181.4.0/22,202553,"DUO-NL-AS, NL",NL,ripencc,1991-07-05,2016-07-26
oid.pkioverheid.nl,80.79.96.185,80.79.96.0/20,21286,"KPN-CORPORATE-MARKET, NL",NL,ripencc,2001-07-11,2001-10-16
oinregister.logius.nl,147.181.3.70,147.181.3.0/24,212157,"LOGIUS-AZ-1, NL",NL,ripencc,1991-07-05,2020-12-15
omgevingsvisie.hilversum.nl,5.22.248.122,5.22.248.0/21,39704,"CJ2-AS, NL",NL,ripencc,2012-05-04,2006-04-12
omgevingswet.overheid.nl,147.181.14.37,147.181.12.0/22,202553,"DUO-NL-AS, NL",NL,ripencc,1991-07-05,2016-07-26
ondernemersloket.derondevenen.nl,37.200.85.19,37.200.85.0/24,213208,"ROXIT, NL",NL,ripencc,2020-05-04,2020-05-20
ondernemersloket.niwo.nl,37.200.85.19,37.200.85.0/24,213208,"ROXIT, NL",NL,ripencc,2020-05-04,2020-05-20
ondertekenen.horizoncollege.nl,83.96.205.231,83.96.204.0/22,35470,"XL-AS, NL",NL,ripencc,2003-12-18,2006-11-29
ondertekenen.novacollege.nl,83.96.205.231,83.96.204.0/22,35470,"XL-AS, NL",NL,ripencc,2003-12-18,2006-11-29
ondertekenen.onderwijsgroeptilburg.nl,83.96.205.231,83.96.204.0/22,35470,"XL-AS, NL",NL,ripencc,2003-12-18,2006-11-29
ondertekenen.railov.nl,83.96.205.231,83.96.204.0/22,35470,"XL-AS, NL",NL,ripencc,2003-12-18,2006-11-29
ondertekenen.rocmensoalting.nl,83.96.205.231,83.96.204.0/22,35470,"XL-AS, NL",NL,ripencc,2003-12-18,2006-11-29
ondertekenen.rocmn.nl,83.96.205.231,83.96.204.0/22,35470,"XL-AS, NL",NL,ripencc,2003-12-18,2006-11-29
ondertekenen.rocva.nl,83.96.205.231,83.96.204.0/22,35470,"XL-AS, NL",NL,ripencc,2003-12-18,2006-11-29
onderwijsvooroekraine.nl,82.161.224.223,82.161.0.0/16,3265,"XS4ALL-NL Amsterdam, NL",NL,ripencc,2003-07-14,1994-10-25
onderzoek.platformrijksoverheid.nl,78.31.116.148,78.31.112.0/21,20559,"FUNDAMENTS-AS, NL",NL,ripencc,2007-11-09,2015-08-13
onderzoek.rijksoverheid.nl,37.97.241.27,37.97.128.0/17,20857,"TRANSIP-AS Amsterdam, the Netherlands, NL",NL,ripencc,2012-02-02,2001-06-20
onewelcome.bij12.nl,13.248.206.174,13.248.192.0/20,16509,"AMAZON-02, US",US,arin,2018-07-11,2000-05-04
onlineform.culture.gov.nl,20.50.239.148,20.48.0.0/12,8075,"MICROSOFT-CORP-MSN-AS-BLOCK, US",US,arin,2017-10-18,1997-03-31
ons.communicatierijk.nl,89.149.208.46,89.149.192.0/18,60781,"LEASEWEB-NL-AMS-01 Netherlands, NL",NL,ripencc,2006-02-23,2013-05-13
ontmedmij-inlog.vzvz.nl,37.9.217.160,37.9.216.0/21,57626,"E-ZORG, NL",NL,ripencc,2011-12-15,2011-12-15
ontwikkelplein.kvk.nl,78.31.115.209,78.31.112.0/21,20559,"FUNDAMENTS-AS, NL",NL,ripencc,2007-11-09,2015-08-13
opendata.stelselcatalogus.nl,144.43.243.69,144.43.240.0/21,212157,"LOGIUS-AZ-1, NL",NL,ripencc,1993-09-01,2020-12-15
opendatavoorgemeenten.nl,82.161.224.223,82.161.0.0/16,3265,"XS4ALL-NL Amsterdam, NL",NL,ripencc,2003-07-14,1994-10-25
openoporde.nl,82.161.224.223,82.161.0.0/16,3265,"XS4ALL-NL Amsterdam, NL",NL,ripencc,2003-07-14,1994-10-25
opname.eindhoven.nl,194.104.77.56,194.104.64.0/20,33915,"TNF-AS, NL",NL,ripencc,1994-10-28,2004-09-06
orderstatus.wmp-ct.kpn-wholesale.com,145.7.176.23,145.7.0.0/16,1136,"KPN KPN National, NL",NL,ripencc,1993-09-01,1993-09-01
ota.mijn.almere.nl,80.113.99.228,80.113.0.0/17,33915,"TNF-AS, NL",NL,ripencc,2001-07-25,2004-09-06
ouderportaal.ggdlimburgnoord.nl,185.180.97.130,185.180.96.0/22,31477,"DUOCAST-AS, NL",NL,ripencc,2016-12-05,2004-05-26
outlook.renkum.nl,13.94.248.71,13.64.0.0/11,8075,"MICROSOFT-CORP-MSN-AS-BLOCK, US",US,arin,2015-03-26,1997-03-31
outlook.svb.nl,145.83.1.61,145.83.1.0/24,13127,"T-MOBILE AS for the Trans-European T-Mobile IP Transport backbone, NL",NL,ripencc,1993-09-01,2000-03-27
overheid.brocacef.nl,185.46.194.20,185.46.192.0/22,62125,"PEOPLEWARE Peopleware Network, NL",NL,ripencc,2014-02-04,2014-02-04
overlast.odnzkg.nl,93.117.240.48,93.117.192.0/18,33915,"TNF-AS, NL",NL,ripencc,2007-12-21,2004-09-06
parkeervergunning.kampen.nl,88.218.153.237,88.218.152.0/22,20559,"FUNDAMENTS-AS, NL",NL,ripencc,2018-12-17,2015-08-13
parkeren.almelo.nl,88.218.153.238,88.218.152.0/22,20559,"FUNDAMENTS-AS, NL",NL,ripencc,2018-12-17,2015-08-13
partners.wigo4it.nl,80.113.84.139,80.113.0.0/17,33915,"TNF-AS, NL",NL,ripencc,2001-07-25,2004-09-06
patient-auth.serviceapotheek.nl,20.54.191.168,20.48.0.0/12,8075,"MICROSOFT-CORP-MSN-AS-BLOCK, US",US,arin,2017-10-18,1997-03-31
pensioenplanner.mijnkoopvaardij.nl,185.101.42.42,185.101.40.0/22,203762,"INFOSUPPORT4, NL",NL,ripencc,2015-05-20,2015-11-04
pensioenplanner.mijnpmt.nl,185.101.42.42,185.101.40.0/22,203762,"INFOSUPPORT4, NL",NL,ripencc,2015-05-20,2015-11-04
peppolautoriteit.nl,147.181.6.149,147.181.4.0/22,202553,"DUO-NL-AS, NL",NL,ripencc,1991-07-05,2016-07-26
pesticidesdatabase.ctgb.nl,3.127.143.208,3.124.0.0/14,16509,"AMAZON-02, US",US,arin,2017-12-20,2000-05-04
pexip.ggdghor.nl,20.67.118.253,20.64.0.0/10,8075,"MICROSOFT-CORP-MSN-AS-BLOCK, US",US,arin,2017-10-18,1997-03-31
pgo.uwzorgonline.nl,185.78.250.175,185.78.248.0/22,201311,"ITCREATION, NL",NL,ripencc,2014-11-26,2014-11-26
pip.weert.nl,194.13.164.177,194.13.160.0/20,205915,"PINKROCCADE, NL",NL,ripencc,1994-01-10,2017-05-08
pit.collector.owinsp.nl,147.181.6.176,147.181.4.0/22,202553,"DUO-NL-AS, NL",NL,ripencc,1991-07-05,2016-07-26
pitng.ontwikkel.owinsp.nl,147.181.6.153,147.181.4.0/22,202553,"DUO-NL-AS, NL",NL,ripencc,1991-07-05,2016-07-26
pitng.owinsp.nl,147.181.6.176,147.181.4.0/22,202553,"DUO-NL-AS, NL",NL,ripencc,1991-07-05,2016-07-26
pki.everyoffice.nl,87.233.154.112,87.233.128.0/18,15703,"TRUESERVER-AS TrueServer BV AS number, NL",NL,ripencc,2005-07-07,2000-09-19
pkio.pki-overheid-certificaat.nl,145.222.153.241,145.222.0.0/16,21286,"KPN-CORPORATE-MARKET, NL",NL,ripencc,2002-10-09,2001-10-16
pkio.reconi.nl,80.79.96.168,80.79.96.0/20,21286,"KPN-CORPORATE-MARKET, NL",NL,ripencc,2001-07-11,2001-10-16
pms.dictu.nl,145.12.218.110,145.12.0.0/16,203396,"MINEZ-DICTU, NL",NL,ripencc,1993-09-01,2016-01-27
portaal.digikoppeling.nl,144.43.242.154,144.43.240.0/21,212157,"LOGIUS-AZ-1, NL",NL,ripencc,1993-09-01,2020-12-15
portaal.digilevering.nl,144.43.243.69,144.43.240.0/21,212157,"LOGIUS-AZ-1, NL",NL,ripencc,1993-09-01,2020-12-15
portaal.digimelding.nl,144.43.243.66,144.43.240.0/21,212157,"LOGIUS-AZ-1, NL",NL,ripencc,1993-09-01,2020-12-15
portaal.heliomare.nl,23.101.75.24,23.100.0.0/15,8075,"MICROSOFT-CORP-MSN-AS-BLOCK, US",US,arin,2013-06-18,1997-03-31
portaal-tst07.edsn.nl,52.57.55.181,52.57.0.0/16,16509,"AMAZON-02, US",US,arin,1991-12-19,2000-05-04
portal.dev-lab2019.buzaservices.nl,40.91.221.53,40.80.0.0/12,8075,"MICROSOFT-CORP-MSN-AS-BLOCK, US",US,arin,2015-02-23,1997-03-31
portal.omwb.nl,37.200.85.19,37.200.85.0/24,213208,"ROXIT, NL",NL,ripencc,2020-05-04,2020-05-20
portal.ota.kmcs.io,145.15.213.86,145.15.208.0/21,1136,"KPN KPN National, NL",NL,ripencc,1993-09-01,1993-09-01
portal.prd.kmcs.io,145.15.208.240,145.15.208.0/21,1136,"KPN KPN National, NL",NL,ripencc,1993-09-01,1993-09-01
portal.xeroxpensioenfondsen.nl,185.101.42.51,185.101.40.0/22,203762,"INFOSUPPORT4, NL",NL,ripencc,2015-05-20,2015-11-04
postbus.ggdghor.nl,85.90.69.228,85.90.64.0/19,1126,"VANCIS Vancis Advanced ICT Services, EU",NL,ripencc,2004-11-08,1993-09-01
pp.erasmusmc.nl,156.83.253.57,156.83.0.0/16,1103,"SURFNET-NL SURFnet, The Netherlands, NL",NL,ripencc,1991-12-19,1993-09-01
prd2.idm.diginetwerk.net,147.181.15.172,147.181.12.0/22,202553,"DUO-NL-AS, NL",NL,ripencc,1991-07-05,2016-07-26
prd3.idm.diginetwerk.net,147.181.36.128,147.181.36.0/22,202553,"DUO-NL-AS, NL",NL,ripencc,1991-07-05,2016-07-26
prd.optimumassessment.com,20.229.87.178,20.192.0.0/10,8075,"MICROSOFT-CORP-MSN-AS-BLOCK, US",US,arin,2017-10-18,1997-03-31
pre.kaart.geo.cultureelerfgoed.nl,84.241.137.101,84.241.128.0/18,20847,"PREVIDER-AS, NL",NL,ripencc,2004-06-22,2001-06-18
pre-login.rivm.nl,99.83.232.131,99.83.224.0/20,16509,"AMAZON-02, US",US,arin,2018-01-10,2000-05-04
prequal.wmp-ct.kpn-wholesale.com,145.7.176.22,145.7.0.0/16,1136,"KPN KPN National, NL",NL,ripencc,1993-09-01,1993-09-01
processinnovation.nl,147.181.6.149,147.181.4.0/22,202553,"DUO-NL-AS, NL",NL,ripencc,1991-07-05,2016-07-26
producten.lees-rijk.nl,85.17.73.79,85.17.0.0/16,60781,"LEASEWEB-NL-AMS-01 Netherlands, NL",NL,ripencc,2005-03-11,2013-05-13
productie.coronamelder-dist.nl,62.204.67.27,62.204.64.0/19,41887,"PROLOCATION Prolocation, NL",NL,ripencc,2000-06-22,2006-11-09
productie.postex.munitax.nl,108.156.60.104,108.156.56.0/21,16509,"AMAZON-02, US",US,arin,2020-12-11,2000-05-04
protocol.mfaservices.nl,20.50.64.25,20.48.0.0/12,8075,"MICROSOFT-CORP-MSN-AS-BLOCK, US",US,arin,2017-10-18,1997-03-31
prplatform.pleio.nl,147.181.6.247,147.181.4.0/22,202553,"DUO-NL-AS, NL",NL,ripencc,1991-07-05,2016-07-26
psiam.oostzaan.nl,3.66.129.230,3.64.0.0/12,16509,"AMAZON-02, US",US,arin,2017-12-20,2000-05-04
psiam.wormerland.nl,3.66.129.230,3.64.0.0/12,16509,"AMAZON-02, US",US,arin,2017-12-20,2000-05-04
publicaties.barneveld.nl,34.91.151.1,34.91.144.0/20,396982,"GOOGLE-CLOUD-PLATFORM, US",US,arin,2018-09-28,2018-08-15
publicaties.cibg.nl,162.13.104.99,162.13.0.0/16,15395,"RACKSPACE-LON, GB",GB,ripencc,1992-06-30,2000-06-21
public.mst.ctgb.nl,3.127.143.208,3.124.0.0/14,16509,"AMAZON-02, US",US,arin,2017-12-20,2000-05-04
qmatic.tholen.nl,213.34.182.186,213.34.160.0/19,33915,"TNF-AS, NL",NL,ripencc,1999-09-16,2004-09-06
rds.minfin.nl,185.223.84.79,185.223.84.0/24,198730,"SBP, NL",NL,ripencc,2017-09-29,2012-04-25
rdweb.azure.wigo4it.nl,13.94.248.71,13.64.0.0/11,8075,"MICROSOFT-CORP-MSN-AS-BLOCK, US",US,arin,2015-03-26,1997-03-31
reassigntelnr.wmp-ct.kpn-wholesale.com,145.7.176.27,145.7.0.0/16,1136,"KPN KPN National, NL",NL,ripencc,1993-09-01,1993-09-01
referentiegrootboekschema.nl,93.92.103.99,93.92.100.0/22,24586,"NL-INTERMAX Intermax Cloudsourcing B.V., NL",NL,ripencc,2008-01-29,2002-01-09
registry.bsn-koppelregister.nl,144.43.244.233,144.43.240.0/21,212157,"LOGIUS-AZ-1, NL",NL,ripencc,1993-09-01,2020-12-15
rekentool.eindhovenduurzaam.nl,141.138.168.111,141.138.168.0/21,20847,"PREVIDER-AS, NL",NL,ripencc,2011-07-01,2001-06-18
repos.hogeraad.nl,159.46.204.230,159.46.192.0/20,29311,"SOLVINITY-, NL",NL,ripencc,1993-09-01,2003-07-29
repository0.prd.kmcs.io,145.15.208.241,145.15.208.0/21,1136,"KPN KPN National, NL",NL,ripencc,1993-09-01,1993-09-01
repository.ota.kmcs.io,145.15.213.87,145.15.208.0/21,1136,"KPN KPN National, NL",NL,ripencc,1993-09-01,1993-09-01
rijksafspraakplanner.nl,87.233.177.4,87.233.128.0/18,15703,"TRUESERVER-AS TrueServer BV AS number, NL",NL,ripencc,2005-07-07,2000-09-19
rijkswaterstaatstrooit.nl,193.37.204.204,193.37.204.0/22,20559,"FUNDAMENTS-AS, NL",NL,ripencc,2018-10-22,2015-08-13
rotterdam.subsidiedossier.nl,185.71.63.150,185.71.60.0/22,60781,"LEASEWEB-NL-AMS-01 Netherlands, NL",NL,ripencc,2014-09-25,2013-05-13
rss.persberichten.rijksoverheid.nl,195.137.215.152,195.137.214.0/23,15830,"EQUINIX, GB",NL,ripencc,2003-08-01,2000-10-20
samenwerkenpop3.pleio.nl,147.181.6.149,147.181.4.0/22,202553,"DUO-NL-AS, NL",NL,ripencc,1991-07-05,2016-07-26
sao.omgevingsloket.nl,94.228.135.148,94.228.128.0/20,41887,"PROLOCATION Prolocation, NL",NL,ripencc,2008-10-29,2006-11-09
sbl-api.limburg.nl,185.92.61.41,185.92.60.0/22,200428,"SOUTHERNHILL, NL",NL,ripencc,2015-03-17,2015-07-06
sbl.limburg.nl,185.92.61.42,185.92.60.0/22,200428,"SOUTHERNHILL, NL",NL,ripencc,2015-03-17,2015-07-06
sbr-nl.nl,93.92.103.99,93.92.100.0/22,24586,"NL-INTERMAX Intermax Cloudsourcing B.V., NL",NL,ripencc,2008-01-29,2002-01-09
schadefondsjeugdzorg.nl,159.223.224.146,159.223.224.0/20,14061,"DIGITALOCEAN-ASN, US",US,arin,2020-11-03,2012-09-25
schadefonds.nl,167.71.75.16,167.71.64.0/20,14061,"DIGITALOCEAN-ASN, US",US,arin,2019-04-24,2012-09-25
schatkistbankieren.minfin.nl,185.223.84.78,185.223.84.0/24,198730,"SBP, NL",NL,ripencc,2017-09-29,2012-04-25
scvalidator.logius.nl,167.71.8.228,167.71.0.0/20,14061,"DIGITALOCEAN-ASN, US",US,arin,2019-04-24,2012-09-25
secure1.enable-u.cloud,45.13.84.7,45.13.84.0/22,60781,"LEASEWEB-NL-AMS-01 Netherlands, NL",NL,ripencc,2019-05-03,2013-05-13
secure.bpmtonline.nl,212.159.226.167,212.159.224.0/19,29063,"ATOS-NL-AS Eindhoven, NL",NL,ripencc,2000-08-03,2003-05-22
secure.denhaag.nl,217.68.54.214,217.68.48.0/21,29263,"HAAGNET-AS , NL",NL,ripencc,2003-07-07,2003-07-16
secure.inzendportaal.nl,212.159.226.167,212.159.224.0/19,29063,"ATOS-NL-AS Eindhoven, NL",NL,ripencc,2000-08-03,2003-05-22
secure.kvdportaal.nl,212.159.226.167,212.159.224.0/19,29063,"ATOS-NL-AS Eindhoven, NL",NL,ripencc,2000-08-03,2003-05-22
serviceincident.wmp-ct.kpn-wholesale.com,145.7.176.25,145.7.0.0/16,1136,"KPN KPN National, NL",NL,ripencc,1993-09-01,1993-09-01
services.hhnk.nl,46.144.2.221,46.144.0.0/15,1136,"KPN KPN National, NL",NL,ripencc,2010-10-04,1993-09-01
sesam.gemnet.nl,145.222.106.96,145.222.0.0/16,21286,"KPN-CORPORATE-MARKET, NL",NL,ripencc,2002-10-09,2001-10-16
sf.ctgb.nl,37.235.115.41,37.235.112.0/21,35332,"DATAWEB DataWeb B.V. - The Netherlands, NL",NL,ripencc,2012-04-17,2005-07-18
sf.scp.nl,192.87.68.84,192.87.0.0/16,1103,"SURFNET-NL SURFnet, The Netherlands, NL",NL,ripencc,1984-01-01,1993-09-01
sharingknowledge.rvo.nl,147.181.6.149,147.181.4.0/22,202553,"DUO-NL-AS, NL",NL,ripencc,1991-07-05,2016-07-26
siam.bunnik.nl,3.64.230.208,3.64.0.0/12,16509,"AMAZON-02, US",US,arin,2017-12-20,2000-05-04
siam.duo.nl,194.171.77.45,194.171.0.0/16,1103,"SURFNET-NL SURFnet, The Netherlands, NL",NL,ripencc,1995-06-12,1993-09-01
simplesamlidp.dictu.nl,93.92.103.84,93.92.100.0/22,24586,"NL-INTERMAX Intermax Cloudsourcing B.V., NL",NL,ripencc,2008-01-29,2002-01-09
simulator.tst.etoegang.nl,147.181.1.77,147.181.0.0/22,212157,"LOGIUS-AZ-1, NL",NL,ripencc,1991-07-05,2020-12-15
singleshop-pos.kpn.com,18.65.39.55,18.65.32.0/21,16509,"AMAZON-02, US",US,arin,2019-10-07,2000-05-04
singleshop.staging.kpn.com,108.156.60.106,108.156.56.0/21,16509,"AMAZON-02, US",US,arin,2020-12-11,2000-05-04
sip.dpo.mindef.nl,87.213.101.115,87.213.0.0/16,13127,"T-MOBILE AS for the Trans-European T-Mobile IP Transport backbone, NL",NL,ripencc,2005-06-02,2000-03-27
sip.hollandcasino.nl,145.222.214.144,145.222.0.0/16,21286,"KPN-CORPORATE-MARKET, NL",NL,ripencc,2002-10-09,2001-10-16
snelbaliepp.bergenopzoom.nl,194.53.75.202,194.53.72.0/22,28878,"SIGNET-AS, NL",NL,ripencc,1993-07-19,2003-03-25
snelbaliepp.terneuzen.nl,194.53.75.202,194.53.72.0/22,28878,"SIGNET-AS, NL",NL,ripencc,1993-07-19,2003-03-25
snelbalie.terneuzen.nl,194.53.75.201,194.53.72.0/22,28878,"SIGNET-AS, NL",NL,ripencc,1993-07-19,2003-03-25
sodm.dinoservices.nl,84.241.159.244,84.241.128.0/18,20847,"PREVIDER-AS, NL",NL,ripencc,2004-06-22,2001-06-18
sophie.oidji.nl,20.82.38.40,20.64.0.0/10,8075,"MICROSOFT-CORP-MSN-AS-BLOCK, US",US,arin,2017-10-18,1997-03-31
sslvpn.gemnet.nl,145.222.106.77,145.222.0.0/16,21286,"KPN-CORPORATE-MARKET, NL",NL,ripencc,2002-10-09,2001-10-16
sso.bronhouderportaal-bro.nl,147.181.15.157,147.181.12.0/22,202553,"DUO-NL-AS, NL",NL,ripencc,1991-07-05,2016-07-26
sso-demo.bronhouderportaal-bro.nl,147.181.15.157,147.181.12.0/22,202553,"DUO-NL-AS, NL",NL,ripencc,1991-07-05,2016-07-26
sso-patient-staging.serviceapotheek.nl,20.56.196.54,20.48.0.0/12,8075,"MICROSOFT-CORP-MSN-AS-BLOCK, US",US,arin,2017-10-18,1997-03-31
ssp.noordoostpolder.nl,92.71.248.27,92.71.192.0/18,1136,"KPN KPN National, NL",NL,ripencc,2007-06-19,1993-09-01
stadswinkel.roermond.nl,195.35.139.52,195.35.128.0/17,33915,"TNF-AS, NL",NL,ripencc,2000-03-30,2004-09-06
static.preprod.mijn.overheid.nl,144.43.254.30,144.43.252.0/22,212157,"LOGIUS-AZ-1, NL",NL,ripencc,1993-09-01,2020-12-15
statistiek.digid.nl,144.43.242.168,144.43.240.0/21,212157,"LOGIUS-AZ-1, NL",NL,ripencc,1993-09-01,2020-12-15
statistiek.rijksoverheid.nl,13.94.196.189,13.64.0.0/11,8075,"MICROSOFT-CORP-MSN-AS-BLOCK, US",US,arin,2015-03-26,1997-03-31
stelselcatalogus.nl,144.43.243.69,144.43.240.0/21,212157,"LOGIUS-AZ-1, NL",NL,ripencc,1993-09-01,2020-12-15
sts.dev-lab2019.buzaservices.nl,23.97.242.179,23.96.0.0/14,8075,"MICROSOFT-CORP-MSN-AS-BLOCK, US",US,arin,2013-06-18,1997-03-31
sts.maastricht.nl,141.105.145.56,141.105.144.0/21,57124,"GM-AS, NL",NL,ripencc,2011-06-28,2011-07-25
sts.ota-dpo.nl,87.213.100.179,87.213.0.0/16,13127,"T-MOBILE AS for the Trans-European T-Mobile IP Transport backbone, NL",NL,ripencc,2005-06-02,2000-03-27
sts.rechtspraak.nl,159.46.196.137,159.46.192.0/21,29311,"SOLVINITY-, NL",NL,ripencc,1993-09-01,2003-07-29
sts.woonzorg.nl,20.82.18.12,20.64.0.0/10,8075,"MICROSOFT-CORP-MSN-AS-BLOCK, US",US,arin,2017-10-18,1997-03-31
subscribe.platformrijksoverheid.nl,195.137.215.152,195.137.214.0/23,15830,"EQUINIX, GB",NL,ripencc,2003-08-01,2000-10-20
tableau.kpn.org,62.12.14.75,62.12.0.0/19,1136,"KPN KPN National, NL",NL,ripencc,1997-05-15,1993-09-01
talos.kpn.com,195.121.120.38,195.121.0.0/17,8737,"PT, NL",NL,ripencc,1999-01-11,1998-03-31
tao.omgevingsloket.nl,94.228.135.134,94.228.128.0/21,41887,"PROLOCATION Prolocation, NL",NL,ripencc,2008-10-29,2006-11-09
telewerken.ota-dpo.nl,87.213.100.183,87.213.0.0/16,13127,"T-MOBILE AS for the Trans-European T-Mobile IP Transport backbone, NL",NL,ripencc,2005-06-02,2000-03-27
ticket.kpncareportal.com,212.1.25.156,212.1.0.0/19,3257,"GTT-BACKBONE GTT, US",US,ripencc,1998-03-12,1994-09-30
ticketreport.kpncareportal.com,212.1.25.149,212.1.0.0/19,3257,"GTT-BACKBONE GTT, US",US,ripencc,1998-03-12,1994-09-30
tmsgelb.nctv.minjenv.nl,159.46.204.90,159.46.204.0/22,29311,"SOLVINITY-, NL",NL,ripencc,1993-09-01,2003-07-29
toegankelijkheidsverklaring.nl,93.92.103.99,93.92.100.0/22,24586,"NL-INTERMAX Intermax Cloudsourcing B.V., NL",NL,ripencc,2008-01-29,2002-01-09
toelatingen.ctgb.nl,18.157.253.17,18.156.0.0/14,16509,"AMAZON-02, US",US,arin,2019-10-07,2000-05-04
topdesk.app.wigo4it.nl,13.94.248.71,13.64.0.0/11,8075,"MICROSOFT-CORP-MSN-AS-BLOCK, US",US,arin,2015-03-26,1997-03-31
topdesk.sp-cloudservices.nl,147.181.15.142,147.181.12.0/22,202553,"DUO-NL-AS, NL",NL,ripencc,1991-07-05,2016-07-26
tracing.dsh-dev.dsh.np.aws.kpn.com,34.243.239.247,34.240.0.0/13,16509,"AMAZON-02, US",US,arin,2016-09-12,2000-05-04
tracing.rvp-azure-dsh.kpn-dsh.com,FAILURE,,,,,,,
tracing.rvp.kpn-dsh.com,18.194.246.27,18.194.0.0/15,16509,"AMAZON-02, US",US,arin,2019-10-07,2000-05-04
tradeandinnovate.nl,147.181.6.247,147.181.4.0/22,202553,"DUO-NL-AS, NL",NL,ripencc,1991-07-05,2016-07-26
tripleforms.nieuwegein.nl,62.165.70.185,62.165.64.0/18,20847,"PREVIDER-AS, NL",NL,ripencc,2001-09-25,2001-06-18
tripleformst.nieuwegein.nl,62.165.70.184,62.165.64.0/18,20847,"PREVIDER-AS, NL",NL,ripencc,2001-09-25,2001-06-18
tstmedmij-inlog.vzvz.nl,37.9.217.161,37.9.216.0/22,57626,"E-ZORG, NL",NL,ripencc,2011-12-15,2011-12-15
tst.onkpn.com,137.116.206.234,137.116.0.0/16,8075,"MICROSOFT-CORP-MSN-AS-BLOCK, US",US,arin,2011-08-02,1997-03-31
tunnel01.mindef.nl,217.169.224.224,217.169.224.0/20,15466,"ASN-DTO Maasland Netherlands, NL",NL,ripencc,2001-03-27,2001-07-27
tunnel02.mindef.nl,217.169.224.229,217.169.224.0/20,15466,"ASN-DTO Maasland Netherlands, NL",NL,ripencc,2001-03-27,2001-07-27
tvs.tetra.nl,93.117.206.36,93.117.192.0/18,33915,"TNF-AS, NL",NL,ripencc,2007-12-21,2004-09-06
upeu.minez.nl,145.12.218.76,145.12.0.0/16,203396,"MINEZ-DICTU, NL",NL,ripencc,1993-09-01,2016-01-27
vdi.meldkamerutrecht.nl,145.131.132.214,145.131.128.0/19,28685,"ASN-ROUTIT, NL",NL,ripencc,1993-09-01,2003-01-29
veiligmailen.almelo.nl,104.214.231.110,104.208.0.0/13,8075,"MICROSOFT-CORP-MSN-AS-BLOCK, US",US,arin,2014-10-01,1997-03-31
verkeersbesluiten.denhaag.nl,217.68.54.192,217.68.48.0/20,29263,"HAAGNET-AS , NL",NL,ripencc,2003-07-07,2003-07-16
verkoop.domeinenrz.nl,185.52.236.135,185.52.236.0/22,57866,"FUSIX-AS, NL",NL,ripencc,2014-04-03,2012-02-28
versterkingspuntappingedam.nl,145.12.218.20,145.12.0.0/16,203396,"MINEZ-DICTU, NL",NL,ripencc,1993-09-01,2016-01-27
videoleren.nvwa.nl,52.49.45.33,52.48.0.0/14,16509,"AMAZON-02, US",US,arin,1991-12-19,2000-05-04
vindelkaart.nl,5.79.80.223,5.79.64.0/18,60781,"LEASEWEB-NL-AMS-01 Netherlands, NL",NL,ripencc,2012-06-14,2013-05-13
voipsettings.wmp-ct.kpn-wholesale.com,145.7.176.28,145.7.0.0/16,1136,"KPN KPN National, NL",NL,ripencc,1993-09-01,1993-09-01
vopakpepi.mysmartxs.com,145.222.106.89,145.222.0.0/16,21286,"KPN-CORPORATE-MARKET, NL",NL,ripencc,2002-10-09,2001-10-16
vpna.cloud-wp.nl,145.12.220.193,145.12.0.0/16,203396,"MINEZ-DICTU, NL",NL,ripencc,1993-09-01,2016-01-27
vpnb.cloud-wp.nl,145.69.220.193,145.69.0.0/16,203396,"MINEZ-DICTU, NL",NL,ripencc,1993-09-01,2016-01-27
vpnbon.rijksdienstcn.com,190.4.79.226,190.4.64.0/20,27745,"Telefonia Bonairiano N.V., BQ",BQ,lacnic,2006-07-31,2004-07-12
vpn.bzkdgvbrnpr.odc-noord.nl,147.181.36.46,147.181.36.0/22,202553,"DUO-NL-AS, NL",NL,ripencc,1991-07-05,2016-07-26
vpn.bzknpr.odc-noord.nl,147.181.37.130,147.181.36.0/22,202553,"DUO-NL-AS, NL",NL,ripencc,1991-07-05,2016-07-26
vpn.bzkprd.odc-noord.nl,147.181.37.72,147.181.36.0/22,202553,"DUO-NL-AS, NL",NL,ripencc,1991-07-05,2016-07-26
vpn.spzl.nl,141.105.144.229,141.105.144.0/21,57124,"GM-AS, NL",NL,ripencc,2011-06-28,2011-07-25
vt.1ratio.nl,194.171.77.150,194.171.0.0/16,1103,"SURFNET-NL SURFnet, The Netherlands, NL",NL,ripencc,1995-06-12,1993-09-01
vt-apps.duo.nl,194.171.77.144,194.171.0.0/16,1103,"SURFNET-NL SURFnet, The Netherlands, NL",NL,ripencc,1995-06-12,1993-09-01
vt-digid.ib-groep.nl,194.171.77.15,194.171.0.0/16,1103,"SURFNET-NL SURFnet, The Netherlands, NL",NL,ripencc,1995-06-12,1993-09-01
vt-siam.duo.nl,194.171.77.18,194.171.0.0/16,1103,"SURFNET-NL SURFnet, The Netherlands, NL",NL,ripencc,1995-06-12,1993-09-01
was.digid.nl,144.43.243.211,144.43.240.0/21,212157,"LOGIUS-AZ-1, NL",NL,ripencc,1993-09-01,2020-12-15
was-preprod1.digid.nl,144.43.243.179,144.43.240.0/21,212157,"LOGIUS-AZ-1, NL",NL,ripencc,1993-09-01,2020-12-15
was-preprod2.digid.nl,144.43.243.195,144.43.240.0/21,212157,"LOGIUS-AZ-1, NL",NL,ripencc,1993-09-01,2020-12-15
webmail.hilversum.nl,94.124.113.12,94.124.113.0/24,213099,"GM-HIL, NL",NL,ripencc,2020-06-09,2020-06-11
webmail.ota.spzl.nl,141.105.144.212,141.105.144.0/21,57124,"GM-AS, NL",NL,ripencc,2011-06-28,2011-07-25
webservices.acp.kvk.nl,176.117.57.125,176.117.57.0/24,13127,"T-MOBILE AS for the Trans-European T-Mobile IP Transport backbone, NL",NL,ripencc,2012-05-15,2000-03-27
webservices.c-sam.nl,195.201.144.199,195.201.0.0/16,24940,"HETZNER-AS, DE",DE,ripencc,1997-09-22,2002-06-03
webservices.kvk.nl,176.117.57.68,176.117.57.0/24,13127,"T-MOBILE AS for the Trans-European T-Mobile IP Transport backbone, NL",NL,ripencc,2012-05-15,2000-03-27
webservices.managedpki.com,80.79.96.211,80.79.96.0/20,21286,"KPN-CORPORATE-MARKET, NL",NL,ripencc,2001-07-11,2001-10-16
webservices-ot.tilburg.nl,193.176.139.68,193.176.136.0/21,33915,"TNF-AS, NL",NL,ripencc,1993-04-14,2004-09-06
webservices.preprod.kvk.nl,176.117.57.67,176.117.57.0/24,13127,"T-MOBILE AS for the Trans-European T-Mobile IP Transport backbone, NL",NL,ripencc,2012-05-15,2000-03-27
werk.arnhem.nl,195.86.59.25,195.86.0.0/16,3257,"GTT-BACKBONE GTT, US",US,ripencc,1996-08-14,1994-09-30
werkenbijheuvelrug.nl,84.241.174.205,84.241.128.0/18,20847,"PREVIDER-AS, NL",NL,ripencc,2004-06-22,2001-06-18
werkplek.kvk.nl,176.117.57.156,176.117.57.0/24,13127,"T-MOBILE AS for the Trans-European T-Mobile IP Transport backbone, NL",NL,ripencc,2012-05-15,2000-03-27
werkplek.rid-utrecht.nl,160.20.148.18,160.20.148.0/22,33915,"TNF-AS, NL",NL,ripencc,2018-08-31,2004-09-06
wervinginformatiehuishouding.nl,82.161.224.223,82.161.0.0/16,3265,"XS4ALL-NL Amsterdam, NL",NL,ripencc,2003-07-14,1994-10-25
woz-portaal.drimmelen.nl,213.214.121.187,213.214.96.0/19,8315,"SENTIA, NL",NL,ripencc,2003-03-12,2006-01-05
woz-portaal.koggenland.nl,213.214.121.187,213.214.96.0/19,8315,"SENTIA, NL",NL,ripencc,2003-03-12,2006-01-05
wv-upgrade.wxs.nl,195.121.120.236,195.121.64.0/18,8737,"PT, NL",NL,ripencc,1999-01-11,1998-03-31
www.a28a1knooppunthoevelaken.nl,5.22.248.122,5.22.248.0/21,39704,"CJ2-AS, NL",NL,ripencc,2012-05-04,2006-04-12
www.a4haaglanden-n14.nl,5.22.248.122,5.22.248.0/21,39704,"CJ2-AS, NL",NL,ripencc,2012-05-04,2006-04-12
www.adviescommissiedbe.nl,147.181.6.149,147.181.4.0/22,202553,"DUO-NL-AS, NL",NL,ripencc,1991-07-05,2016-07-26
www.adviescommissievoorvreemdelingenzaken.nl,178.22.85.194,178.22.84.0/22,41887,"PROLOCATION Prolocation, NL",NL,ripencc,2010-04-06,2006-11-09
www.atlasnatuurlijkkapitaal.nl,131.224.250.155,131.224.0.0/16,1103,"SURFNET-NL SURFnet, The Netherlands, NL",NL,ripencc,1989-01-23,1993-09-01
www.beeldkompas.nl,93.186.178.212,93.186.176.0/20,20559,"FUNDAMENTS-AS, NL",NL,ripencc,2008-07-01,2015-08-13
www.belastingloket.lingewaard.nl,213.214.121.187,213.214.96.0/19,8315,"SENTIA, NL",NL,ripencc,2003-03-12,2006-01-05
www.bics.nl,46.19.221.150,46.19.216.0/21,20559,"FUNDAMENTS-AS, NL",NL,ripencc,2010-11-18,2015-08-13
www.bodemloket.nl,149.210.146.78,149.210.128.0/17,20857,"TRANSIP-AS Amsterdam, the Netherlands, NL",NL,ripencc,2011-08-17,2001-06-20
www.bromonitor.nl,147.181.12.252,147.181.12.0/22,202553,"DUO-NL-AS, NL",NL,ripencc,1991-07-05,2016-07-26
www.brunssum.nl,185.63.153.111,185.63.152.0/22,12859,"NL-BIT BIT BV, NL",NL,ripencc,2014-07-11,1999-12-15
www.brunssumsamenaanzet.nl,185.63.153.111,185.63.152.0/22,12859,"NL-BIT BIT BV, NL",NL,ripencc,2014-07-11,1999-12-15
www.cbgcollegedag.nl,185.23.24.156,185.23.24.0/24,60950,"CLOUDNL-AS, NL",NL,ripencc,2013-04-05,2013-04-04
www.csirtdsp.nl,147.181.10.224,147.181.8.0/22,202553,"DUO-NL-AS, NL",NL,ripencc,1991-07-05,2016-07-26
www.derondevenen.nl,37.200.85.19,37.200.85.0/24,213208,"ROXIT, NL",NL,ripencc,2020-05-04,2020-05-20
www.dienstenportaal.nl,159.46.197.93,159.46.196.0/22,29311,"SOLVINITY-, NL",NL,ripencc,1993-09-01,2003-07-29
www.digid.nl,93.92.103.100,93.92.100.0/22,24586,"NL-INTERMAX Intermax Cloudsourcing B.V., NL",NL,ripencc,2008-01-29,2002-01-09
www.digitaltrustcenter.nl,147.181.10.224,147.181.8.0/22,202553,"DUO-NL-AS, NL",NL,ripencc,1991-07-05,2016-07-26
www.digitoegankelijk.nl,93.92.103.99,93.92.100.0/22,24586,"NL-INTERMAX Intermax Cloudsourcing B.V., NL",NL,ripencc,2008-01-29,2002-01-09
www.dinkelland.nl,83.217.76.211,83.217.64.0/19,34762,"COMBELL-AS, BE",BE,ripencc,2004-03-05,2005-03-31
www.drimmelen.nl,83.217.76.132,83.217.64.0/19,34762,"COMBELL-AS, BE",BE,ripencc,2004-03-05,2005-03-31
www.dronten.nl,87.233.198.3,87.233.192.0/18,15703,"TRUESERVER-AS TrueServer BV AS number, NL",NL,ripencc,2005-07-07,2000-09-19
www.duurzaamheidsroutea35.nl,5.22.248.122,5.22.248.0/21,39704,"CJ2-AS, NL",NL,ripencc,2012-05-04,2006-04-12
wwwdvza.tetra.nl,93.117.206.36,93.117.192.0/18,33915,"TNF-AS, NL",NL,ripencc,2007-12-21,2004-09-06
www.edisontd.nl,159.46.204.221,159.46.192.0/20,29311,"SOLVINITY-, NL",NL,ripencc,1993-09-01,2003-07-29
www.eemsdelta.nl,185.135.12.24,185.135.12.0/24,34762,"COMBELL-AS, BE",BE,ripencc,2016-01-19,2005-03-31
www.eherkenning.nl,93.92.103.99,93.92.100.0/22,24586,"NL-INTERMAX Intermax Cloudsourcing B.V., NL",NL,ripencc,2008-01-29,2002-01-09
www.forumstandaardisatie.nl,93.92.103.99,93.92.100.0/22,24586,"NL-INTERMAX Intermax Cloudsourcing B.V., NL",NL,ripencc,2008-01-29,2002-01-09
www.gebouwdin.amsterdam.nl,85.158.204.6,85.158.200.0/21,25151,"CYSO-AS, NL",NL,ripencc,2005-01-25,2002-08-09
www.geertruidenberg.nl,87.253.157.248,87.253.128.0/19,20857,"TRANSIP-AS Amsterdam, the Netherlands, NL",NL,ripencc,2005-10-06,2001-06-20
www.gegevensportaal.net,81.171.11.185,81.171.0.0/19,60781,"LEASEWEB-NL-AMS-01 Netherlands, NL",NL,ripencc,2003-05-12,2013-05-13
www.gemeentesluis.nl,185.63.155.120,185.63.152.0/22,12859,"NL-BIT BIT BV, NL",NL,ripencc,2014-07-11,1999-12-15
www.gepensioen.nl,92.71.209.203,92.71.192.0/18,1136,"KPN KPN National, NL",NL,ripencc,2007-06-19,1993-09-01
www.globalentry-rtp.nl,147.181.15.157,147.181.12.0/22,202553,"DUO-NL-AS, NL",NL,ripencc,1991-07-05,2016-07-26
www.heusden.nl,83.96.245.48,83.96.128.0/17,21155,"ASN-PROSERVE Amsterdam, NL",NL,ripencc,2003-12-18,2001-09-11
www.hilversum.nl,93.119.11.93,93.119.0.0/20,20857,"TRANSIP-AS Amsterdam, the Netherlands, NL",NL,ripencc,2007-12-21,2001-06-20
www.ikpasophetwad.nl,169.50.183.117,169.50.128.0/18,36351,"SOFTLAYER, US",US,ripencc,1993-09-01,2005-12-12
www.immissietoets.nl,131.237.78.188,131.237.78.0/24,42894,"MINVENW-RWS MinVenW-Rijkswaterstaat Backbone, NL",NL,ripencc,1992-01-01,2007-05-08
www.impactmetjecode.nl,18.65.39.8,18.65.32.0/21,16509,"AMAZON-02, US",US,arin,2019-10-07,2000-05-04
www.informatiepuntdigitaleoverheid.nl,185.94.230.146,185.94.230.0/23,48635,"CLDIN-NL TWS, NL",NL,ripencc,2015-04-07,2008-12-19
www.inkomensafhankelijkehuurverhoging.nl,81.171.11.185,81.171.0.0/19,60781,"LEASEWEB-NL-AMS-01 Netherlands, NL",NL,ripencc,2003-05-12,2013-05-13
www.inkoopsociaaldomein.nl,178.22.85.167,178.22.84.0/22,41887,"PROLOCATION Prolocation, NL",NL,ripencc,2010-04-06,2006-11-09
www.inspectieruimte.nl,87.213.81.8,87.213.0.0/16,13127,"T-MOBILE AS for the Trans-European T-Mobile IP Transport backbone, NL",NL,ripencc,2005-06-02,2000-03-27
www.krmrapportagetool.nl,83.96.201.49,83.96.200.0/22,35470,"XL-AS, NL",NL,ripencc,2003-12-18,2006-11-29
www.leer-rijk.nl,93.92.103.97,93.92.100.0/22,24586,"NL-INTERMAX Intermax Cloudsourcing B.V., NL",NL,ripencc,2008-01-29,2002-01-09
www.lees-rijk.nl,93.92.103.97,93.92.100.0/22,24586,"NL-INTERMAX Intermax Cloudsourcing B.V., NL",NL,ripencc,2008-01-29,2002-01-09
www.logius.nl,93.92.103.99,93.92.100.0/22,24586,"NL-INTERMAX Intermax Cloudsourcing B.V., NL",NL,ripencc,2008-01-29,2002-01-09
www.meldpuntoverlasttata.nl,93.117.240.48,93.117.192.0/18,33915,"TNF-AS, NL",NL,ripencc,2007-12-21,2004-09-06
www.meubelpensioen.nl,92.71.209.203,92.71.192.0/18,1136,"KPN KPN National, NL",NL,ripencc,2007-06-19,1993-09-01
www.mijn.heuvelrug.nl,80.247.174.118,80.247.160.0/20,25542,"DENIT-AS Amsterdam, NL",NL,ripencc,2008-04-08,2002-12-31
www.mobiel-werken.nl,193.176.224.86,193.176.224.0/24,48037,"SSO-ICT, NL",NL,ripencc,1993-05-03,2008-10-02
www.n35wijthmennijverdal.nl,5.22.248.122,5.22.248.0/21,39704,"CJ2-AS, NL",NL,ripencc,2012-05-04,2006-04-12
www.nationaaldeltacongres.nl,147.181.98.150,147.181.98.0/24,48037,"SSO-ICT, NL",NL,ripencc,1991-07-05,2008-10-02
www.nationaalovberaad.nl,5.22.248.122,5.22.248.0/21,39704,"CJ2-AS, NL",NL,ripencc,2012-05-04,2006-04-12
www.nationaleconferentiecirculaireeconomie.nl,178.22.62.114,178.22.56.0/21,12859,"NL-BIT BIT BV, NL",NL,ripencc,2010-04-01,1999-12-15
www.nieuwsszw.nl,52.208.70.2,52.208.0.0/13,16509,"AMAZON-02, US",US,arin,2015-09-02,2000-05-04
www.noorderhuisbrunssum.nl,185.63.153.111,185.63.152.0/22,12859,"NL-BIT BIT BV, NL",NL,ripencc,2014-07-11,1999-12-15
www.omgevingsloket.nl,94.228.135.135,94.228.128.0/21,41887,"PROLOCATION Prolocation, NL",NL,ripencc,2008-10-29,2006-11-09
www.onderwijsinderegioincijfers.nl,82.161.224.223,82.161.0.0/16,3265,"XS4ALL-NL Amsterdam, NL",NL,ripencc,2003-07-14,1994-10-25
www.onsbrunssum.nl,185.63.153.111,185.63.152.0/22,12859,"NL-BIT BIT BV, NL",NL,ripencc,2014-07-11,1999-12-15
www.openbare-inspectieresultaten.nvwa.nl,46.22.185.35,46.22.184.0/21,24586,"NL-INTERMAX Intermax Cloudsourcing B.V., NL",NL,ripencc,2010-11-29,2002-01-09
www.pekela.nl,185.63.155.179,185.63.152.0/22,12859,"NL-BIT BIT BV, NL",NL,ripencc,2014-07-11,1999-12-15
www.pensioenkappers.nl,92.71.209.203,92.71.192.0/18,1136,"KPN KPN National, NL",NL,ripencc,2007-06-19,1993-09-01
www.perined-data.nl,89.221.183.164,89.221.176.0/20,41696,"RAM-, NL",NL,ripencc,2006-10-09,2006-10-10
www.phenc.nl,20.56.245.103,20.48.0.0/12,8075,"MICROSOFT-CORP-MSN-AS-BLOCK, US",US,arin,2017-10-18,1997-03-31
www.programmalangerthuis.nl,178.22.85.168,178.22.84.0/22,41887,"PROLOCATION Prolocation, NL",NL,ripencc,2010-04-06,2006-11-09
www.putten.nl,185.63.155.124,185.63.152.0/22,12859,"NL-BIT BIT BV, NL",NL,ripencc,2014-07-11,1999-12-15
www.referentiegrootboekschema.nl,93.92.103.99,93.92.100.0/22,24586,"NL-INTERMAX Intermax Cloudsourcing B.V., NL",NL,ripencc,2008-01-29,2002-01-09
www.rijkswaterstaatstrooit.nl,193.37.204.204,193.37.204.0/22,20559,"FUNDAMENTS-AS, NL",NL,ripencc,2018-10-22,2015-08-13
www.sbr-nl.nl,93.92.103.99,93.92.100.0/22,24586,"NL-INTERMAX Intermax Cloudsourcing B.V., NL",NL,ripencc,2008-01-29,2002-01-09
www.schadefonds.nl,167.71.75.16,167.71.64.0/20,14061,"DIGITALOCEAN-ASN, US",US,arin,2019-04-24,2012-09-25
www.spx-preprod.nl,185.101.42.51,185.101.40.0/22,203762,"INFOSUPPORT4, NL",NL,ripencc,2015-05-20,2015-11-04
www.stelselcatalogus.nl,144.43.243.69,144.43.240.0/21,212157,"LOGIUS-AZ-1, NL",NL,ripencc,1993-09-01,2020-12-15
www.talentcenter.hollandcasinoloopbaanportaal.nl,195.86.59.126,195.86.0.0/16,3257,"GTT-BACKBONE GTT, US",US,ripencc,1996-08-14,1994-09-30
www.toegankelijkheidsverklaring.nl,93.92.103.99,93.92.100.0/22,24586,"NL-INTERMAX Intermax Cloudsourcing B.V., NL",NL,ripencc,2008-01-29,2002-01-09
www.toezichtresultaten.nl,147.181.6.154,147.181.4.0/22,202553,"DUO-NL-AS, NL",NL,ripencc,1991-07-05,2016-07-26
www.veendam.nl,185.63.155.179,185.63.152.0/22,12859,"NL-BIT BIT BV, NL",NL,ripencc,2014-07-11,1999-12-15
www.wageningen.nl,212.114.120.19,212.114.96.0/19,12859,"NL-BIT BIT BV, NL",NL,ripencc,2010-05-28,1999-12-15
www.waterwijkfijnaart.nl,195.72.120.50,195.72.120.0/23,41887,"PROLOCATION Prolocation, NL",NL,ripencc,2000-08-07,2006-11-09
www.zorgdomein.nl,52.16.220.50,52.16.0.0/15,16509,"AMAZON-02, US",US,arin,1991-12-19,2000-05-04
www.zwembaddebronspot.nl,185.63.153.111,185.63.152.0/22,12859,"NL-BIT BIT BV, NL",NL,ripencc,2014-07-11,1999-12-15
xbox.kpn.com,20.54.140.128,20.48.0.0/12,8075,"MICROSOFT-CORP-MSN-AS-BLOCK, US",US,arin,2017-10-18,1997-03-31
xbrlonderwijsportaal.nl,82.161.224.223,82.161.0.0/16,3265,"XS4ALL-NL Amsterdam, NL",NL,ripencc,2003-07-14,1994-10-25
zaak.noordenveld.nl,18.158.109.140,18.156.0.0/14,16509,"AMAZON-02, US",US,arin,2019-10-07,2000-05-04
zaaksysteem.avres.nl,3.69.155.204,3.64.0.0/12,16509,"AMAZON-02, US",US,arin,2017-12-20,2000-05-04
zaaksysteem.bbsuo.nl,3.66.182.8,3.64.0.0/12,16509,"AMAZON-02, US",US,arin,2017-12-20,2000-05-04
zaaksysteem.hdsr.nl,3.66.182.8,3.64.0.0/12,16509,"AMAZON-02, US",US,arin,2017-12-20,2000-05-04
zaaksysteem.provincie-utrecht.nl,3.69.155.204,3.64.0.0/12,16509,"AMAZON-02, US",US,arin,2017-12-20,2000-05-04
zaaksysteem.soest.nl,3.66.182.8,3.64.0.0/12,16509,"AMAZON-02, US",US,arin,2017-12-20,2000-05-04
zaalhuur.borne.nl,217.114.101.249,217.114.96.0/20,47886,"EQUINIX-NL-ASN, NL",NL,ripencc,2001-01-25,2008-09-11
zoekscholen.onderwijsinspectie.nl,147.181.6.154,147.181.4.0/22,202553,"DUO-NL-AS, NL",NL,ripencc,1991-07-05,2016-07-26
zwembaddieheygrave.nl,83.96.245.48,83.96.128.0/17,21155,"ASN-PROSERVE Amsterdam, NL",NL,ripencc,2003-12-18,2001-09-11
accaanvraag.senzer.nl,194.53.75.202,194.53.72.0/22,28878,"SIGNET-AS, NL",NL,ripencc,1993-07-19,2003-03-25
acc-api.rivm.nl,131.224.245.21,131.224.0.0/16,1103,"SURFNET-NL SURFnet, The Netherlands, NL",NL,ripencc,1989-01-23,1993-09-01
acc-autorisatie.asterisque.nl,46.244.5.100,46.244.0.0/19,51088,"A2B, NL",NL,ripencc,2010-12-28,2010-05-28
acc.avbapp.com,93.92.103.115,93.92.100.0/22,24586,"NL-INTERMAX Intermax Cloudsourcing B.V., NL",NL,ripencc,2008-01-29,2002-01-09
acc-cms.digid.nl,93.92.103.94,93.92.100.0/22,24586,"NL-INTERMAX Intermax Cloudsourcing B.V., NL",NL,ripencc,2008-01-29,2002-01-09
acc-datadelen.mijnenergiedata.nl,34.96.92.109,34.96.0.0/12,396982,"GOOGLE-CLOUD-PLATFORM, US",US,arin,2018-09-28,2018-08-15
acc-dictu.digitoegankelijk.nl,93.92.103.93,93.92.100.0/22,24586,"NL-INTERMAX Intermax Cloudsourcing B.V., NL",NL,ripencc,2008-01-29,2002-01-09
acc-dictu.eherkenning.nl,93.92.103.93,93.92.100.0/22,24586,"NL-INTERMAX Intermax Cloudsourcing B.V., NL",NL,ripencc,2008-01-29,2002-01-09
acc-dictu.forumstandaardisatie.nl,93.92.103.93,93.92.100.0/22,24586,"NL-INTERMAX Intermax Cloudsourcing B.V., NL",NL,ripencc,2008-01-29,2002-01-09
acc-dictu.logius.nl,93.92.103.93,93.92.100.0/22,24586,"NL-INTERMAX Intermax Cloudsourcing B.V., NL",NL,ripencc,2008-01-29,2002-01-09
acc-dictu.referentiegrootboekschema.nl,93.92.103.93,93.92.100.0/22,24586,"NL-INTERMAX Intermax Cloudsourcing B.V., NL",NL,ripencc,2008-01-29,2002-01-09
acc-dictu.sbr-nl.nl,93.92.103.93,93.92.100.0/22,24586,"NL-INTERMAX Intermax Cloudsourcing B.V., NL",NL,ripencc,2008-01-29,2002-01-09
acc-dictu.toegankelijkheidsverklaring.nl,93.92.103.93,93.92.100.0/22,24586,"NL-INTERMAX Intermax Cloudsourcing B.V., NL",NL,ripencc,2008-01-29,2002-01-09
acc.digid.nl,93.92.103.94,93.92.100.0/22,24586,"NL-INTERMAX Intermax Cloudsourcing B.V., NL",NL,ripencc,2008-01-29,2002-01-09
acc.digiinkoop.nl,132.226.201.148,132.226.192.0/20,31898,"ORACLE-BMC-31898, US",US,arin,2017-04-03,2011-03-21
acc-downloads.broservices.nl,84.241.159.229,84.241.128.0/18,20847,"PREVIDER-AS, NL",NL,ripencc,2004-06-22,2001-06-18
acceptatie.aimonline.nl,52.178.89.129,52.160.0.0/11,8075,"MICROSOFT-CORP-MSN-AS-BLOCK, US",US,arin,2015-11-24,1997-03-31
acceptatie.eemsdelta.nl,185.135.12.25,185.135.12.0/23,34762,"COMBELL-AS, BE",BE,ripencc,2016-01-19,2005-03-31
acceptatie.efro-webportal.nl,20.76.151.119,20.64.0.0/10,8075,"MICROSOFT-CORP-MSN-AS-BLOCK, US",US,arin,2017-10-18,1997-03-31
acceptatie.geoservices.cultureelerfgoed.nl,147.181.6.183,147.181.4.0/22,202553,"DUO-NL-AS, NL",NL,ripencc,1991-07-05,2016-07-26
acceptatie.meldingen.klopt.cibg.nl,18.185.50.213,18.184.0.0/15,16509,"AMAZON-02, US",US,arin,2019-10-07,2000-05-04
acceptatie.mijngeldzaken.orioniswalcheren.nl,84.241.169.96,84.241.128.0/18,20847,"PREVIDER-AS, NL",NL,ripencc,2004-06-22,2001-06-18
acceptatie.pop3-webportal.nl,82.201.41.110,82.201.0.0/17,15879,"KPN-INTERNEDSERVICES KPN Internedservices, NL",NL,ripencc,2003-09-18,2000-10-26
acceptatie.zaaksysteem.bbsuo.nl,3.66.182.8,3.64.0.0/12,16509,"AMAZON-02, US",US,arin,2017-12-20,2000-05-04
accept.itnoordenveld.nl,3.66.182.8,3.64.0.0/12,16509,"AMAZON-02, US",US,arin,2017-12-20,2000-05-04
accept-mijnzaken.haltewerk.nl,3.69.155.204,3.64.0.0/12,16509,"AMAZON-02, US",US,arin,2017-12-20,2000-05-04
acc-geo.rijkswaterstaat.nl,131.237.78.146,131.237.78.0/24,42894,"MINVENW-RWS MinVenW-Rijkswaterstaat Backbone, NL",NL,ripencc,1992-01-01,2007-05-08
acc.inloggen.befrank.nl,75.2.77.150,75.2.64.0/20,16509,"AMAZON-02, US",US,arin,2018-01-10,2000-05-04
accjump.kiwaregister.nl,3.68.61.197,3.64.0.0/12,16509,"AMAZON-02, US",US,arin,2017-12-20,2000-05-04
acc-klas.oidji.nl,51.124.42.87,51.124.0.0/16,8075,"MICROSOFT-CORP-MSN-AS-BLOCK, US",GB,ripencc,1993-09-01,1997-03-31
acc.krmrapportagetool.nl,83.96.201.49,83.96.200.0/22,35470,"XL-AS, NL",NL,ripencc,2003-12-18,2006-11-29
acc.leer-rijk.nl,93.92.103.91,93.92.100.0/22,24586,"NL-INTERMAX Intermax Cloudsourcing B.V., NL",NL,ripencc,2008-01-29,2002-01-09
acc.lees-rijk.nl,93.92.103.91,93.92.100.0/22,24586,"NL-INTERMAX Intermax Cloudsourcing B.V., NL",NL,ripencc,2008-01-29,2002-01-09
acc-mailing.rijksoverheid.nl,195.137.215.134,195.137.214.0/23,15830,"EQUINIX, GB",NL,ripencc,2003-08-01,2000-10-20
acc-maps.rijkswaterstaat.nl,131.237.78.162,131.237.78.0/24,42894,"MINVENW-RWS MinVenW-Rijkswaterstaat Backbone, NL",NL,ripencc,1992-01-01,2007-05-08
acc-mijn.andros.nl,46.244.5.100,46.244.0.0/19,51088,"A2B, NL",NL,ripencc,2010-12-28,2010-05-28
acc-mijnmap.jbz.nl,62.165.74.103,62.165.64.0/18,20847,"PREVIDER-AS, NL",NL,ripencc,2001-09-25,2001-06-18
acc-mijn.revalidatie-friesland.nl,185.77.190.249,185.77.190.0/23,203170,"GERRIT-01, NL",NL,ripencc,2014-11-19,2016-03-17
acc-mijn.rivm.nl,131.224.245.8,131.224.0.0/16,1103,"SURFNET-NL SURFnet, The Netherlands, NL",NL,ripencc,1989-01-23,1993-09-01
acc.minbuza.nl,13.107.213.67,13.107.213.0/24,8068,"MICROSOFT-CORP-MSN-AS-BLOCK, US",US,arin,2015-03-26,1997-03-31
acc.omgevingsloket.nl,94.228.135.151,94.228.128.0/21,41887,"PROLOCATION Prolocation, NL",NL,ripencc,2008-10-29,2006-11-09
acc.rsddeliemers.nl,83.217.76.191,83.217.64.0/19,34762,"COMBELL-AS, BE",BE,ripencc,2004-03-05,2005-03-31
acc.stelselvanbasisregistraties.nl,144.43.241.101,144.43.240.0/21,212157,"LOGIUS-AZ-1, NL",NL,ripencc,1993-09-01,2020-12-15
acm-acc.ctgb.nl,37.235.115.42,37.235.112.0/21,35332,"DATAWEB DataWeb B.V. - The Netherlands, NL",NL,ripencc,2012-04-17,2005-07-18
app.acc.iloq.kpn.com,195.121.120.33,195.121.0.0/17,8737,"PT, NL",NL,ripencc,1999-01-11,1998-03-31
aselect.acc.inspectieruimte.nl,87.213.81.5,87.213.0.0/16,13127,"T-MOBILE AS for the Trans-European T-Mobile IP Transport backbone, NL",NL,ripencc,2005-06-02,2000-03-27
bedrijfsvoering-acc.financien.centric.eu,51.105.97.219,51.104.0.0/15,8075,"MICROSOFT-CORP-MSN-AS-BLOCK, US",GB,ripencc,1993-09-01,1997-03-31
belastingen-acc.arnhem.nl,185.241.184.59,185.241.184.0/24,204754,"SYSACTIVE, NL",NL,ripencc,2018-01-16,2018-01-16
belastingen-acc.bghu.nl,185.241.184.59,185.241.184.0/24,204754,"SYSACTIVE, NL",NL,ripencc,2018-01-16,2018-01-16
belastingen-acc.renkum.nl,185.241.184.59,185.241.184.0/24,204754,"SYSACTIVE, NL",NL,ripencc,2018-01-16,2018-01-16
belastingen-acc.rheden.nl,185.241.184.59,185.241.184.0/24,204754,"SYSACTIVE, NL",NL,ripencc,2018-01-16,2018-01-16
berichtenbox.acc2.antwoordvoorbedrijven.nl,145.12.242.60,145.12.0.0/16,203396,"MINEZ-DICTU, NL",NL,ripencc,1993-09-01,2016-01-27
bprchat-acc.kpnnet.org,145.7.178.26,145.7.0.0/16,1136,"KPN KPN National, NL",NL,ripencc,1993-09-01,1993-09-01
cloudshare-acc.minocw.nl,147.181.13.150,147.181.12.0/22,202553,"DUO-NL-AS, NL",NL,ripencc,1991-07-05,2016-07-26
dacceptatieloket.borger-odoorn.nl,87.249.120.28,87.249.96.0/19,47886,"EQUINIX-NL-ASN, NL",NL,ripencc,2005-08-26,2008-09-11
dacceptatieloket.coevorden.nl,87.249.120.20,87.249.96.0/19,47886,"EQUINIX-NL-ASN, NL",NL,ripencc,2005-08-26,2008-09-11
dacceptatieloket.oostgelre.nl,87.249.120.32,87.249.96.0/19,47886,"EQUINIX-NL-ASN, NL",NL,ripencc,2005-08-26,2008-09-11
dacceptatieloket.roermond.nl,87.249.120.111,87.249.96.0/19,47886,"EQUINIX-NL-ASN, NL",NL,ripencc,2005-08-26,2008-09-11
dacceptatieloket.schaveland.nl,87.249.99.212,87.249.96.0/19,47886,"EQUINIX-NL-ASN, NL",NL,ripencc,2005-08-26,2008-09-11
dacceptatieloket.twenterand.nl,87.249.120.46,87.249.96.0/19,47886,"EQUINIX-NL-ASN, NL",NL,ripencc,2005-08-26,2008-09-11
dacceptatiemidoffice.schaveland.nl,87.249.99.213,87.249.96.0/19,47886,"EQUINIX-NL-ASN, NL",NL,ripencc,2005-08-26,2008-09-11
disc.eid-acc.kpn.com,145.222.106.168,145.222.0.0/16,21286,"KPN-CORPORATE-MARKET, NL",NL,ripencc,2002-10-09,2001-10-16
eavgb-acc.aivd.nl,159.46.204.173,159.46.200.0/21,29311,"SOLVINITY-, NL",NL,ripencc,1993-09-01,2003-07-29
eovgb-accp.aivd.nl,84.241.172.181,84.241.128.0/18,20847,"PREVIDER-AS, NL",NL,ripencc,2004-06-22,2001-06-18
forms-acc.bghu.nl,185.241.184.202,185.241.184.0/24,204754,"SYSACTIVE, NL",NL,ripencc,2018-01-16,2018-01-16
gtpa-acc.agro.nl,145.12.242.131,145.12.0.0/16,203396,"MINEZ-DICTU, NL",NL,ripencc,1993-09-01,2016-01-27
home-acc.mijngezondheid.net,178.22.62.158,178.22.56.0/21,12859,"NL-BIT BIT BV, NL",NL,ripencc,2010-04-01,1999-12-15
hq-acc.taloslabs.com,195.121.120.39,195.121.64.0/18,8737,"PT, NL",NL,ripencc,1999-01-11,1998-03-31
image.acc-mailing.rijksoverheid.nl,108.156.60.44,108.156.56.0/21,16509,"AMAZON-02, US",US,arin,2020-12-11,2000-05-04
internet.veilig.acc.kpn.com,52.143.18.219,52.136.0.0/13,8075,"MICROSOFT-CORP-MSN-AS-BLOCK, US",US,arin,2015-11-24,1997-03-31
isd.acc.owinsp.nl,147.181.6.153,147.181.4.0/22,202553,"DUO-NL-AS, NL",NL,ripencc,1991-07-05,2016-07-26
kprc-acc.keylanehosting.com,194.151.14.131,194.151.14.0/23,1136,"KPN KPN National, NL",NL,ripencc,1995-05-03,1993-09-01
loket.acceptatie.steenwijkerland.nl,37.200.85.35,37.200.85.0/24,213208,"ROXIT, NL",NL,ripencc,2020-05-04,2020-05-20
loket-acc.gemeentehulst.nl,217.119.229.92,217.119.224.0/20,16350,"ECHELON-AS Institutenweg 38, NL",NL,ripencc,2001-02-16,2001-03-08
loket-acc.leidschendam-voorburg.nl,217.119.229.66,217.119.224.0/20,16350,"ECHELON-AS Institutenweg 38, NL",NL,ripencc,2001-02-16,2001-03-08
max.acc.zelfbco.nl,62.204.70.19,62.204.64.0/20,41887,"PROLOCATION Prolocation, NL",NL,ripencc,2000-06-22,2006-11-09
mdm-acc.ctgb.nl,18.157.253.17,18.156.0.0/14,16509,"AMAZON-02, US",US,arin,2019-10-07,2000-05-04
mijnmaxima-acc.prinsesmaximacentrum.nl,194.171.216.22,194.171.0.0/16,1103,"SURFNET-NL SURFnet, The Netherlands, NL",NL,ripencc,1995-06-12,1993-09-01
mobiel.acc.kpn.com,108.156.60.41,108.156.56.0/21,16509,"AMAZON-02, US",US,arin,2020-12-11,2000-05-04
mobile-acc.bghu.nl,185.241.184.202,185.241.184.0/24,204754,"SYSACTIVE, NL",NL,ripencc,2018-01-16,2018-01-16
mst-acc.ctgb.nl,18.193.235.55,18.192.0.0/15,16509,"AMAZON-02, US",US,arin,2019-10-07,2000-05-04
netflix.vgw.acc.kpn.com,213.75.2.60,213.75.0.0/17,8737,"PT, NL",NL,ripencc,2000-04-06,1998-03-31
ondernemersloket.acceptatie.denhelder.nl,37.200.85.35,37.200.85.0/24,213208,"ROXIT, NL",NL,ripencc,2020-05-04,2020-05-20
ondernemersloket.acceptatie.niwo.nl,37.200.85.35,37.200.85.0/24,213208,"ROXIT, NL",NL,ripencc,2020-05-04,2020-05-20
parkeervergunningen.acc.utrecht.nl,80.247.167.75,80.247.160.0/20,25542,"DENIT-AS Amsterdam, NL",NL,ripencc,2008-04-08,2002-12-31
pgo-acc.uwzorgonline.nl,185.78.250.175,185.78.248.0/22,201311,"ITCREATION, NL",NL,ripencc,2014-11-26,2014-11-26
pit.collectora.acc.owinsp.nl,147.181.6.153,147.181.4.0/22,202553,"DUO-NL-AS, NL",NL,ripencc,1991-07-05,2016-07-26
pitng.acceptatie.owinsp.nl,147.181.6.153,147.181.4.0/22,202553,"DUO-NL-AS, NL",NL,ripencc,1991-07-05,2016-07-26
pki.acc.iloq.kpn.com,195.121.120.34,195.121.0.0/17,8737,"PT, NL",NL,ripencc,1999-01-11,1998-03-31
portal.acceptatie.omwb.nl,37.200.85.35,37.200.85.0/24,213208,"ROXIT, NL",NL,ripencc,2020-05-04,2020-05-20
proxy.acc.kpndrm.nl,195.121.72.74,195.121.0.0/17,8737,"PT, NL",NL,ripencc,1999-01-11,1998-03-31
public.mst-acc.ctgb.nl,3.127.143.208,3.124.0.0/14,16509,"AMAZON-02, US",US,arin,2017-12-20,2000-05-04
reflector-acc.tv.kpn.com,195.121.72.74,195.121.0.0/17,8737,"PT, NL",NL,ripencc,1999-01-11,1998-03-31
regieportaal-acc.bghu.nl,185.241.184.202,185.241.184.0/24,204754,"SYSACTIVE, NL",NL,ripencc,2018-01-16,2018-01-16
rotterdam.acc.subsidiedossier.nl,185.71.63.151,185.71.60.0/22,60781,"LEASEWEB-NL-AMS-01 Netherlands, NL",NL,ripencc,2014-09-25,2013-05-13
servicebus-acc.oasen.nl,89.106.166.246,89.106.160.0/21,50554,"NCBV-BACKBONE, NL",NL,ripencc,2008-06-30,2010-02-09
services-acc.hhnk.nl,46.144.2.222,46.144.0.0/15,1136,"KPN KPN National, NL",NL,ripencc,2010-10-04,1993-09-01
singleshop.acc.kpn.com,18.65.39.74,18.65.32.0/21,16509,"AMAZON-02, US",US,arin,2019-10-07,2000-05-04
toezichtresultaten.acc.onderwijsinspectie.nl,147.181.6.153,147.181.4.0/22,202553,"DUO-NL-AS, NL",NL,ripencc,1991-07-05,2016-07-26
www.acceptatie.derondevenen.nl,37.200.85.35,37.200.85.0/24,213208,"ROXIT, NL",NL,ripencc,2020-05-04,2020-05-20
www.acc.inspectieruimte.nl,87.213.81.5,87.213.0.0/16,13127,"T-MOBILE AS for the Trans-European T-Mobile IP Transport backbone, NL",NL,ripencc,2005-06-02,2000-03-27
zaaksysteemacceptatie.avres.nl,3.66.182.8,3.64.0.0/12,16509,"AMAZON-02, US",US,arin,2017-12-20,2000-05-04
zaaksysteem-accept.epe.nl,3.69.155.204,3.64.0.0/12,16509,"AMAZON-02, US",US,arin,2017-12-20,2000-05-04
zaaksysteem-accept.halderberge.nl,3.69.155.204,3.64.0.0/12,16509,"AMAZON-02, US",US,arin,2017-12-20,2000-05-04
zaaksysteem-accept.maasdriel.nl,3.66.182.8,3.64.0.0/12,16509,"AMAZON-02, US",US,arin,2017-12-20,2000-05-04
zaaksysteem-accept.werkpleinhartvanwest-brabant.nl,3.69.155.204,3.64.0.0/12,16509,"AMAZON-02, US",US,arin,2017-12-20,2000-05-04
zaaksysteem-accept.wijkbijduurstede.nl,3.69.155.204,3.64.0.0/12,16509,"AMAZON-02, US",US,arin,2017-12-20,2000-05-04
zaaksysteem-acc.hdsr.nl,18.158.109.140,18.156.0.0/14,16509,"AMAZON-02, US",US,arin,2019-10-07,2000-05-04
zaaksysteem-acc.provincie-utrecht.nl,3.66.182.8,3.64.0.0/12,16509,"AMAZON-02, US",US,arin,2017-12-20,2000-05-04
auth.test.centraalregistertechniek.nl,75.2.77.150,75.2.64.0/20,16509,"AMAZON-02, US",US,arin,2018-01-10,2000-05-04
azure.test.waternet.nl,20.50.2.66,20.48.0.0/12,8075,"MICROSOFT-CORP-MSN-AS-BLOCK, US",US,arin,2017-10-18,1997-03-31
belastingportaal-test.boxtel.nl,176.62.195.50,176.62.192.0/21,8315,"SENTIA, NL",NL,ripencc,2011-06-09,2006-01-05
belastingportaal-test.sint-michielsgestel.nl,176.62.195.50,176.62.192.0/21,8315,"SENTIA, NL",NL,ripencc,2011-06-09,2006-01-05
digikoppelingtest.ictsamenwerking.nl,213.34.182.182,213.34.160.0/19,33915,"TNF-AS, NL",NL,ripencc,1999-09-16,2004-09-06
digitalebelastingbalie-test.vlieland.nl,176.62.195.50,176.62.192.0/21,8315,"SENTIA, NL",NL,ripencc,2011-06-09,2006-01-05
dtestloket.twenterand.nl,87.249.120.48,87.249.96.0/19,47886,"EQUINIX-NL-ASN, NL",NL,ripencc,2005-08-26,2008-09-11
edienstenburgerzaken-test.brunssum.nl,194.53.75.166,194.53.72.0/22,28878,"SIGNET-AS, NL",NL,ripencc,1993-07-19,2003-03-25
edienstenburgerzaken-test.defryskemarren.nl,194.53.75.166,194.53.72.0/22,28878,"SIGNET-AS, NL",NL,ripencc,1993-07-19,2003-03-25
edienstenburgerzaken-test.roerdalen.nl,194.53.75.166,194.53.72.0/22,28878,"SIGNET-AS, NL",NL,ripencc,1993-07-19,2003-03-25
edienstenburgerzaken-test.valkenburg.nl,194.53.75.166,194.53.72.0/22,28878,"SIGNET-AS, NL",NL,ripencc,1993-07-19,2003-03-25
edienstenburgerzaken-test.woudenberg.nl,194.53.75.166,194.53.72.0/22,28878,"SIGNET-AS, NL",NL,ripencc,1993-07-19,2003-03-25
edienstenburgerzaken-test.zeist.nl,194.53.75.166,194.53.72.0/22,28878,"SIGNET-AS, NL",NL,ripencc,1993-07-19,2003-03-25
eloket.hengelo-test.nl,195.72.120.103,195.72.120.0/24,41887,"PROLOCATION Prolocation, NL",NL,ripencc,2000-08-07,2006-11-09
inloggen-test.arag-intermediair.nl,99.83.232.131,99.83.224.0/20,16509,"AMAZON-02, US",US,arin,2018-01-10,2000-05-04
mijnloket-test.isdbollenstreek.nl,93.154.102.219,93.154.0.0/17,1136,"KPN KPN National, NL",NL,ripencc,2011-08-31,1993-09-01
ouderportaaltest.cjgcapelle.nl,185.180.97.143,185.180.96.0/22,31477,"DUOCAST-AS, NL",NL,ripencc,2016-12-05,2004-05-26
piptest.weert.nl,194.13.164.16,194.13.160.0/20,205915,"PINKROCCADE, NL",NL,ripencc,1994-01-10,2017-05-08
pitng.test.owinsp.nl,147.181.6.153,147.181.4.0/22,202553,"DUO-NL-AS, NL",NL,ripencc,1991-07-05,2016-07-26
portaaltest.ggdhm.nl,185.180.97.143,185.180.96.0/22,31477,"DUOCAST-AS, NL",NL,ripencc,2016-12-05,2004-05-26
roottest-ev.pkioverheid.nl,80.79.96.186,80.79.96.0/20,21286,"KPN-CORPORATE-MARKET, NL",NL,ripencc,2001-07-11,2001-10-16
roottest-ev-revoked.pkioverheid.nl,80.79.96.186,80.79.96.0/20,21286,"KPN-CORPORATE-MARKET, NL",NL,ripencc,2001-07-11,2001-10-16
siamtest.bunnik.nl,18.185.160.212,18.184.0.0/15,16509,"AMAZON-02, US",US,arin,2019-10-07,2000-05-04
siam-test.wageningen.nl,185.63.155.92,185.63.152.0/22,12859,"NL-BIT BIT BV, NL",NL,ripencc,2014-07-11,1999-12-15
test.afspraakmaken.dronten.nl,90.145.212.144,90.145.0.0/16,29396,"EUROFIBER-UNET EUROFIBER, NL",NL,ripencc,2006-11-17,2003-08-28
test.belastingdienst-cn.nl,190.123.18.224,190.123.18.0/24,52389,"SSCS BV, BQ",BQ,lacnic,2012-08-17,2012-08-17
testdienst.enable-u.net,145.131.245.76,145.131.192.0/18,28685,"ASN-ROUTIT, NL",NL,ripencc,1993-09-01,2003-01-29
test.digid.nl,93.92.103.94,93.92.100.0/22,24586,"NL-INTERMAX Intermax Cloudsourcing B.V., NL",NL,ripencc,2008-01-29,2002-01-09
test.dvza-cgm.nl,37.9.217.189,37.9.216.0/21,57626,"E-ZORG, NL",NL,ripencc,2011-12-15,2011-12-15
test.eventadminportal.nl,5.200.3.143,5.200.0.0/19,49544,"I3DNET, NL",NL,ripencc,2012-08-29,2009-06-29
testformulieren.doetinchem.nl,62.165.70.183,62.165.64.0/18,20847,"PREVIDER-AS, NL",NL,ripencc,2001-09-25,2001-06-18
testformulieren.laborijn.nl,62.165.70.183,62.165.64.0/18,20847,"PREVIDER-AS, NL",NL,ripencc,2001-09-25,2001-06-18
test.geoservices.cultureelerfgoed.nl,147.181.6.153,147.181.4.0/22,202553,"DUO-NL-AS, NL",NL,ripencc,1991-07-05,2016-07-26
testinternet.zorg-id.nl,89.221.191.2,89.221.176.0/20,41696,"RAM-, NL",NL,ripencc,2006-10-09,2006-10-10
test-ipa.beesel.nl,45.80.232.31,45.80.232.0/22,15879,"KPN-INTERNEDSERVICES KPN Internedservices, NL",NL,ripencc,2019-05-16,2000-10-26
test-ipa.greyvalley.nl,45.80.232.31,45.80.232.0/22,15879,"KPN-INTERNEDSERVICES KPN Internedservices, NL",NL,ripencc,2019-05-16,2000-10-26
test-ipa.stroomopwaarts.nl,45.80.232.31,45.80.232.0/22,15879,"KPN-INTERNEDSERVICES KPN Internedservices, NL",NL,ripencc,2019-05-16,2000-10-26
test-ipa.velsen.nl,45.80.232.31,45.80.232.0/22,15879,"KPN-INTERNEDSERVICES KPN Internedservices, NL",NL,ripencc,2019-05-16,2000-10-26
test-ipa.wierden.nl,45.80.232.31,45.80.232.0/22,15879,"KPN-INTERNEDSERVICES KPN Internedservices, NL",NL,ripencc,2019-05-16,2000-10-26
test.loket.oss.nl,217.119.231.45,217.119.224.0/20,16350,"ECHELON-AS Institutenweg 38, NL",NL,ripencc,2001-02-16,2001-03-08
test-medmij.zorgdoc.nl,212.61.45.12,212.61.0.0/16,8426,"CLARANET-AS ClaraNET LTD, GB",NL,ripencc,1998-04-07,1997-08-15
test.natura2000.nl,93.92.103.120,93.92.100.0/22,24586,"NL-INTERMAX Intermax Cloudsourcing B.V., NL",NL,ripencc,2008-01-29,2002-01-09
test-opname.eindhoven.nl,194.104.77.54,194.104.64.0/20,33915,"TNF-AS, NL",NL,ripencc,1994-10-28,2004-09-06
testoverheid.brocacef.nl,185.46.194.21,185.46.192.0/22,62125,"PEOPLEWARE Peopleware Network, NL",NL,ripencc,2014-02-04,2014-02-04
test.prn-data.nl,89.221.183.164,89.221.176.0/20,41696,"RAM-, NL",NL,ripencc,2006-10-09,2006-10-10
test.registrationportal.nl,5.200.3.144,5.200.0.0/19,49544,"I3DNET, NL",NL,ripencc,2012-08-29,2009-06-29
testuitslagen.coronatest.nl,185.138.80.196,185.138.80.0/22,203318,"ASBIZWAY, NL",NL,ripencc,2016-02-10,2016-02-15
testzorgnet.zorg-id.nl,89.221.191.6,89.221.184.0/21,41696,"RAM-, NL",NL,ripencc,2006-10-09,2006-10-10
preprod-belastingen.heerenveen.nl,213.214.121.186,213.214.96.0/19,8315,"SENTIA, NL",NL,ripencc,2003-03-12,2006-01-05
preprod-dgp2.procesinfrastructuur.nl,144.43.253.7,144.43.252.0/22,212157,"LOGIUS-AZ-1, NL",NL,ripencc,1993-09-01,2020-12-15
preprod-ediensten-sociaaldomein.denhelder.nl,194.53.75.202,194.53.72.0/22,28878,"SIGNET-AS, NL",NL,ripencc,1993-07-19,2003-03-25
preprod-formulieren.gemeentehw.nl,87.233.83.55,87.233.64.0/18,15703,"TRUESERVER-AS TrueServer BV AS number, NL",NL,ripencc,2005-07-07,2000-09-19
preprod-globe-portaal-internet.procesinfrastructuur.nl,144.43.241.235,144.43.240.0/21,212157,"LOGIUS-AZ-1, NL",NL,ripencc,1993-09-01,2020-12-15
preprodid.flevoland.nl,185.63.152.91,185.63.152.0/22,12859,"NL-BIT BIT BV, NL",NL,ripencc,2014-07-11,1999-12-15
preprod-mijninkomen.fijnder.nl,194.53.73.126,194.53.72.0/22,28878,"SIGNET-AS, NL",NL,ripencc,1993-07-19,2003-03-25
preprod-mijnoverzicht.haltewerk.nl,194.53.73.126,194.53.72.0/22,28878,"SIGNET-AS, NL",NL,ripencc,1993-07-19,2003-03-25
preprod-mijnoverzicht.sint-michielsgestel.nl,194.53.73.126,194.53.72.0/22,28878,"SIGNET-AS, NL",NL,ripencc,1993-07-19,2003-03-25
preprod-mijnplan.gemeenteberkelland.nl,194.53.73.126,194.53.72.0/22,28878,"SIGNET-AS, NL",NL,ripencc,1993-07-19,2003-03-25
preprod-mijnsociaalplein.gemeentemaashorst.nl,194.53.73.126,194.53.72.0/22,28878,"SIGNET-AS, NL",NL,ripencc,1993-07-19,2003-03-25
preprod.minind.nl,46.22.185.81,46.22.184.0/21,24586,"NL-INTERMAX Intermax Cloudsourcing B.V., NL",NL,ripencc,2010-11-29,2002-01-09
preprod.oinregister.logius.nl,147.181.3.70,147.181.3.0/24,212157,"LOGIUS-AZ-1, NL",NL,ripencc,1991-07-05,2020-12-15
preprod.onewelcome.bij12.nl,99.83.232.131,99.83.224.0/20,16509,"AMAZON-02, US",US,arin,2018-01-10,2000-05-04
preprod.portaal.digimelding.nl,144.43.241.172,144.43.240.0/21,212157,"LOGIUS-AZ-1, NL",NL,ripencc,1993-09-01,2020-12-15
preprod.stelselcatalogus.nl,144.43.241.172,144.43.240.0/21,212157,"LOGIUS-AZ-1, NL",NL,ripencc,1993-09-01,2020-12-15
preprod.stelselvanbasisregistraties.nl,144.43.241.172,144.43.240.0/21,212157,"LOGIUS-AZ-1, NL",NL,ripencc,1993-09-01,2020-12-15
preprod.terneuzen.nl,80.247.174.79,80.247.160.0/20,25542,"DENIT-AS Amsterdam, NL",NL,ripencc,2008-04-08,2002-12-31
pre-productie.postex.munitax.nl,18.65.39.47,18.65.32.0/21,16509,"AMAZON-02, US",US,arin,2019-10-07,2000-05-04
pre.omgevingswet.overheid.nl,147.181.15.5,147.181.12.0/22,202553,"DUO-NL-AS, NL",NL,ripencc,1991-07-05,2016-07-26
