fqdn,ip,prefix,asn,asn_description,country,registrar,last_update_asn,last_update_asn_desc,subject_dn,issuer_dn,common_names,san_dns_names,not_valid_before,not_valid_after
aaa.wigo4it.nl,80.113.84.147,80.113.0.0/17,33915,"TNF-AS, NL",NL,ripencc,2001-07-25,2004-09-06,CN=aaa.wigo4it.nl,"CN=R3,O=Let's Encrypt,C=US",aaa.wigo4it.nl,aaa.wigo4it.nl,2022-11-25T12:13:27,2023-02-23T12:13:26
aaninhetdonker.nl,178.22.59.202,178.22.56.0/21,12859,"NL-BIT BIT BV, NL",NL,ripencc,2010-04-01,1999-12-15,"CN=aaninhetdonker.nl,O=Ministerie van Infrastructuur en Waterstaat,L='s-Gravenhage,ST=Zuid-Holland,C=NL","CN=QuoVadis Europe SSL CA G2,O=QuoVadis Trustlink B.V.,C=NL",aaninhetdonker.nl,"aaninhetdonker.nl,www.aaninhetdonker.nl",2022-08-29T08:34:45,2023-08-29T08:44:00
aanvraag-beheer.ciz.nl,194.49.83.42,194.49.83.0/24,202315,"ACCENT-AUTOMATISERING, NL",NL,ripencc,2018-05-17,2018-06-04,"CN=aanvraag-beheer.ciz.nl,O=CIZ (Centrum Indicatiestelling Zorg),L=Utrecht,ST=Utrecht,C=NL","CN=QuoVadis Europe SSL CA G2,O=QuoVadis Trustlink B.V.,C=NL",aanvraag-beheer.ciz.nl,aanvraag-beheer.ciz.nl,2022-10-18T13:40:21,2023-10-27T23:45:00
activesync.hetcak.nl,185.125.41.7,185.125.40.0/22,203740,"CAK, NL",NL,ripencc,2015-11-06,2015-11-10,"CN=activesync.hetcak.nl,O=CAK,L='s-Gravenhage,ST=Zuid-Holland,C=NL","CN=QuoVadis Europe SSL CA G2,O=QuoVadis Trustlink B.V.,C=NL",activesync.hetcak.nl,"activesync.hetcak.nl,webmail.hetcak.nl,autodiscover.hetcak.nl",2022-11-08T11:01:58,2023-11-08T10:56:00
admin-console.kpn-dsh.com,35.156.37.241,35.156.0.0/14,16509,"AMAZON-02, US",US,arin,2016-08-09,2000-05-04,"CN=admin-console.kpn-dsh.com,O=Koninklijke KPN N.V.,ST=Zuid-Holland,L=Rotterdam,C=NL","CN=certSIGN Enterprise CA Class 3 G2,OU=certSIGN Enterprise CA Class 3 G2,O=certSIGN,C=RO",admin-console.kpn-dsh.com,admin-console.kpn-dsh.com,2022-11-15T04:34:34,2023-11-15T04:34:34
admin-console.poc.kpn-dsh.com,35.158.54.73,35.156.0.0/14,16509,"AMAZON-02, US",US,arin,2016-08-09,2000-05-04,"CN=admin-console.poc.kpn-dsh.com,O=Koninklijke KPN N.V.,ST=Zuid-Holland,L=Rotterdam,C=NL","CN=certSIGN Enterprise CA Class 3 G2,OU=certSIGN Enterprise CA Class 3 G2,O=certSIGN,C=RO",admin-console.poc.kpn-dsh.com,admin-console.poc.kpn-dsh.com,2022-11-16T01:34:27,2023-11-16T01:34:27
admin-console.rvp-azure-dsh.kpn-dsh.com,FAILURE,,,,,,,,,,,,,
afspraak.derondevenen.nl,217.166.49.41,217.166.0.0/16,1136,"KPN KPN National, NL",NL,ripencc,2001-04-06,1993-09-01,,,,,,
afspraakmaken.dronten.nl,90.145.212.143,90.145.0.0/16,29396,"EUROFIBER-UNET EUROFIBER, NL",NL,ripencc,2006-11-17,2003-08-28,"CN=afspraakmaken.dronten.nl,O=Gemeente Dronten,L=Dronten,C=NL,ST=Flevoland","CN=certSIGN Enterprise CA Class 3 G2,OU=certSIGN Enterprise CA Class 3 G2,O=certSIGN,C=RO",afspraakmaken.dronten.nl,afspraakmaken.dronten.nl,2022-11-15T14:03:11,2023-11-15T14:03:11
afspraakmaken.losser.nl,217.114.107.73,217.114.96.0/20,47886,"EQUINIX-NL-ASN, NL",NL,ripencc,2001-01-25,2008-09-11,"CN=afspraakmaken.losser.nl,O=Gemeente Losser,ST=Overijssel,C=NL","CN=Sectigo RSA Organization Validation Secure Server CA,O=Sectigo Limited,L=Salford,ST=Greater Manchester,C=GB",afspraakmaken.losser.nl,"afspraakmaken.losser.nl,afspraakmakentest.losser.nl",2022-11-15T00:00:00,2023-11-15T23:59:59
afspraken.almelo.nl,217.114.103.208,217.114.96.0/20,47886,"EQUINIX-NL-ASN, NL",NL,ripencc,2001-01-25,2008-09-11,"CN=afspraken.almelo.nl,O=Gemeente Almelo,L=Almelo,ST=Overijssel,C=NL","CN=QuoVadis Europe SSL CA G2,O=QuoVadis Trustlink B.V.,C=NL",afspraken.almelo.nl,afspraken.almelo.nl,2022-11-21T15:14:14,2023-11-21T15:09:00
afspraken.gemeente-oldambt.nl,217.119.235.157,217.119.224.0/20,16350,"ECHELON-AS Institutenweg 38, NL",NL,ripencc,2001-02-16,2001-03-08,"CN=afspraken.gemeente-oldambt.nl,O=Gemeente Oldambt,L=Winschoten,ST=Groningen,C=NL","CN=certSIGN Enterprise CA Class 3 G2,OU=certSIGN Enterprise CA Class 3 G2,O=certSIGN,C=RO",afspraken.gemeente-oldambt.nl,afspraken.gemeente-oldambt.nl,2022-11-23T14:54:05,2023-11-23T14:54:05
antiddos.kpn.com,195.121.64.5,195.121.0.0/17,8737,"PT, NL",NL,ripencc,1999-01-11,1998-03-31,"CN=antiddos.kpn.com,ST=Zuid-Holland,O=Koninklijke KPN N.V.,L=Rotterdam,C=NL","CN=certSIGN Enterprise CA Class 3 G2,OU=certSIGN Enterprise CA Class 3 G2,O=certSIGN,C=RO",antiddos.kpn.com,"antiddos2.kpn.com,antiddos.kpn.com",2022-11-15T16:55:24,2023-11-15T16:55:24
api.kpn-dsh.com,35.156.37.241,35.156.0.0/14,16509,"AMAZON-02, US",US,arin,2016-08-09,2000-05-04,"CN=api.kpn-dsh.com,O=Koninklijke KPN N.V.,ST=Zuid-Holland,L=Rotterdam,C=NL","CN=certSIGN Enterprise CA Class 3 G2,OU=certSIGN Enterprise CA Class 3 G2,O=certSIGN,C=RO",api.kpn-dsh.com,api.kpn-dsh.com,2022-11-15T04:34:34,2023-11-15T04:34:34
api.poc.kpn-dsh.com,35.158.54.73,35.156.0.0/14,16509,"AMAZON-02, US",US,arin,2016-08-09,2000-05-04,"CN=api.poc.kpn-dsh.com,O=Koninklijke KPN N.V.,ST=Zuid-Holland,L=Rotterdam,C=NL","CN=certSIGN Enterprise CA Class 3 G2,OU=certSIGN Enterprise CA Class 3 G2,O=certSIGN,C=RO",api.poc.kpn-dsh.com,api.poc.kpn-dsh.com,2022-11-16T01:34:27,2023-11-16T01:34:27
api.rvp-azure-dsh.kpn-dsh.com,FAILURE,,,,,,,,,,,,,
api.rvp.kpn-dsh.com,FAILURE,,,,,,,,,,,,,
apps.kpnnetwerk.nl,145.128.12.131,145.128.0.0/20,59524,"KPN-IAAS, NL",NL,ripencc,1993-09-01,2012-08-01,"CN=apps.kpnnetwerk.nl,O=Koninklijke KPN N.V.,L=Rotterdam,ST=Zuid-Holland,C=NL","CN=certSIGN Enterprise CA Class 3 G2,OU=certSIGN Enterprise CA Class 3 G2,O=certSIGN,C=RO",apps.kpnnetwerk.nl,apps.kpnnetwerk.nl,2022-11-01T15:54:36,2023-11-01T15:54:36
apps.ota-dpo.nl,87.213.100.182,87.213.0.0/16,13127,"T-MOBILE AS for the Trans-European T-Mobile IP Transport backbone, NL",NL,ripencc,2005-06-02,2000-03-27,"CN=apps.ota-dpo.nl,O=Defensie Pijpleiding Organisatie,L='s-Gravenhage,ST=Zuid-Holland,C=NL","CN=QuoVadis Global SSL ICA G2,O=QuoVadis Limited,C=BM",apps.ota-dpo.nl,apps.ota-dpo.nl,2022-11-23T11:01:43,2023-12-01T23:45:00
auth.hinq.nl,87.233.137.51,87.233.128.0/18,15703,"TRUESERVER-AS TrueServer BV AS number, NL",NL,ripencc,2005-07-07,2000-09-19,"CN=app.hinq.nl,O=HINQ,L='s-Gravenhage,ST=Zuid-Holland,C=NL","CN=certSIGN Enterprise CA Class 3 G2,OU=certSIGN Enterprise CA Class 3 G2,O=certSIGN,C=RO",app.hinq.nl,"app.hinq.nl,pkio.hinq.nl,auth.hinq.nl",2022-07-27T09:45:29,2023-07-27T09:45:29
auth.rvp-azure-dsh.kpn-dsh.com,FAILURE,,,,,,,,,,,,,
bdrc-front.hanafn.nl,185.254.41.99,185.254.41.0/24,57795,"NGNETWORKS, NL",NL,ripencc,2018-04-06,2012-02-10,,,,,,
belastingen.arnhem.nl,185.241.184.58,185.241.184.0/24,204754,"SYSACTIVE, NL",NL,ripencc,2018-01-16,2018-01-16,"CN=belastingen.arnhem.nl,O=Gemeente Arnhem,L=Arnhem,ST=Gelderland,C=NL","CN=QuoVadis Global SSL ICA G2,O=QuoVadis Limited,C=BM",belastingen.arnhem.nl,belastingen.arnhem.nl,2022-11-21T11:13:26,2023-12-05T23:45:00
belastingen.itnoordenveld.nl,FAILURE,,,,,,,,,,,,,
belastingen.noordenveld.nl,FAILURE,,,,,,,,,,,,,
belastingen.renkum.nl,185.241.184.58,185.241.184.0/24,204754,"SYSACTIVE, NL",NL,ripencc,2018-01-16,2018-01-16,"CN=belastingen.renkum.nl,O=Gemeente Renkum,L=Oosterbeek,ST=Gelderland,C=NL","CN=QuoVadis Global SSL ICA G2,O=QuoVadis Limited,C=BM",belastingen.renkum.nl,belastingen.renkum.nl,2022-11-22T11:08:31,2023-12-04T23:45:00
belastingen.rheden.nl,185.241.184.58,185.241.184.0/24,204754,"SYSACTIVE, NL",NL,ripencc,2018-01-16,2018-01-16,"CN=belastingen.rheden.nl,O=Gemeente Rheden,L=Velp,ST=Gelderland,C=NL","CN=QuoVadis Global SSL ICA G2,O=QuoVadis Limited,C=BM",belastingen.rheden.nl,belastingen.rheden.nl,2022-11-21T11:05:41,2023-12-05T23:45:00
belastingen.rozendaal.nl,185.241.184.58,185.241.184.0/24,204754,"SYSACTIVE, NL",NL,ripencc,2018-01-16,2018-01-16,"CN=belastingen.rozendaal.nl,O=Gemeente Rozendaal,L=Rozendaal,ST=Gelderland,C=NL","CN=QuoVadis Global SSL ICA G2,O=QuoVadis Limited,C=BM",belastingen.rozendaal.nl,belastingen.rozendaal.nl,2022-11-21T10:53:21,2023-12-05T23:45:00
belastingportaal.boxtel.nl,176.62.195.174,176.62.192.0/21,8315,"SENTIA, NL",NL,ripencc,2011-06-09,2006-01-05,"CN=belastingportaal.boxtel.nl,O=Gemeente Boxtel,ST=Noord-Brabant,C=NL,2.5.4.15=Government Entity,1.3.6.1.4.1.311.60.2.1.3=NL,2.5.4.5=17278580","CN=Sectigo RSA Extended Validation Secure Server CA,O=Sectigo Limited,L=Salford,ST=Greater Manchester,C=GB",belastingportaal.boxtel.nl,belastingportaal.boxtel.nl,2022-11-24T00:00:00,2023-11-24T23:59:59
belastingportaal.sint-michielsgestel.nl,176.62.195.174,176.62.192.0/21,8315,"SENTIA, NL",NL,ripencc,2011-06-09,2006-01-05,"CN=belastingportaal.sint-michielsgestel.nl,O=Gemeente Sint-Michielsgestel,ST=Noord-Brabant,C=NL,2.5.4.15=Government Entity,1.3.6.1.4.1.311.60.2.1.3=NL,2.5.4.5=17237737","CN=Sectigo RSA Extended Validation Secure Server CA,O=Sectigo Limited,L=Salford,ST=Greater Manchester,C=GB",belastingportaal.sint-michielsgestel.nl,belastingportaal.sint-michielsgestel.nl,2022-11-23T00:00:00,2023-11-23T23:59:59
broker-staging.mozardsaas.nl,206.189.242.201,206.189.240.0/22,14061,"DIGITALOCEAN-ASN, US",US,arin,1995-11-15,2012-09-25,,,,,,
bromonitor.nl,147.181.12.252,147.181.12.0/22,202553,"DUO-NL-AS, NL",NL,ripencc,1991-07-05,2016-07-26,"CN=bromonitor.nl,O=Stichting ICTU,L='s-Gravenhage,ST=Zuid-Holland,C=NL","CN=QuoVadis Europe SSL CA G2,O=QuoVadis Trustlink B.V.,C=NL",bromonitor.nl,"bromonitor.nl,www.bromonitor.nl,acc.bromonitor.nl",2022-11-22T09:23:49,2023-11-22T09:18:00
cloudtunnel.rud-zeeland.nl,37.247.33.183,37.247.32.0/20,25459,"NEDZONE-AS, NL",NL,ripencc,2012-04-17,2002-11-29,,,,,,
cloudtunnel.terneuzen.nl,213.34.225.121,213.34.224.0/19,15542,"ZEELANDNET DELTA Fiber Nederland, NL",NL,ripencc,1999-09-16,2000-07-31,,,,,,
cms.digid.nl,93.92.103.96,93.92.100.0/22,24586,"NL-INTERMAX Intermax Cloudsourcing B.V., NL",NL,ripencc,2008-01-29,2002-01-09,,,,,,
connect.ctgb.nl,131.224.0.105,131.224.0.0/16,1103,"SURFNET-NL SURFnet, The Netherlands, NL",NL,ripencc,1989-01-23,1993-09-01,"CN=connect.ctgb.nl,O=College voor toelating van gewasbeschermingsmiddelen en biociden,ST=Gelderland,C=NL","CN=Sectigo RSA Organization Validation Secure Server CA,O=Sectigo Limited,L=Salford,ST=Greater Manchester,C=GB",connect.ctgb.nl,"connect.ctgb.nl,www.connect.ctgb.nl",2022-11-25T00:00:00,2023-11-25T23:59:59
connect-with.horizoncollege.nl,83.96.205.231,83.96.128.0/17,21155,"ASN-PROSERVE Amsterdam, NL",NL,ripencc,2003-12-18,2001-09-11,"CN=connect-with.horizoncollege.nl,O=Stichting R.O.C. Noord-Kennemerland/West Friesland,L=Alkmaar,ST=Noord-Holland,C=NL","CN=QuoVadis Global SSL ICA G2,O=QuoVadis Limited,C=BM",connect-with.horizoncollege.nl,connect-with.horizoncollege.nl,2022-11-21T14:12:50,2023-11-21T14:07:00
connect-with.novacollege.nl,83.96.205.231,83.96.128.0/17,21155,"ASN-PROSERVE Amsterdam, NL",NL,ripencc,2003-12-18,2001-09-11,"CN=connect-with.novacollege.nl,O=Regionaal Opleidingen Centrum Nova College,L=Haarlem,ST=Noord-Holland,C=NL","CN=certSIGN Enterprise CA Class 3 G2,OU=certSIGN Enterprise CA Class 3 G2,O=certSIGN,C=RO",connect-with.novacollege.nl,connect-with.novacollege.nl,2022-11-21T10:02:45,2023-11-21T10:02:45
connect-with.railov.nl,83.96.205.231,83.96.128.0/17,21155,"ASN-PROSERVE Amsterdam, NL",NL,ripencc,2003-12-18,2001-09-11,"CN=connect-with.railov.nl,O=Stichting Pensioenfonds Rail & Openbaar Vervoer,L=Utrecht,ST=Utrecht,C=NL","CN=certSIGN Enterprise CA Class 3 G2,OU=certSIGN Enterprise CA Class 3 G2,O=certSIGN,C=RO",connect-with.railov.nl,connect-with.railov.nl,2022-11-21T13:47:27,2023-11-21T13:47:27
connect-with.rocmn.nl,83.96.205.231,83.96.128.0/17,21155,"ASN-PROSERVE Amsterdam, NL",NL,ripencc,2003-12-18,2001-09-11,"CN=connect-with.rocmn.nl,O=Regionaal Opleidingen Centrum Midden Nederland,L=Utrecht,ST=Utrecht,C=NL","CN=certSIGN Enterprise CA Class 3 G2,OU=certSIGN Enterprise CA Class 3 G2,O=certSIGN,C=RO",connect-with.rocmn.nl,connect-with.rocmn.nl,2022-11-14T10:06:35,2023-11-14T10:06:35
console.dsh-dev.dsh.np.aws.kpn.com,34.243.239.247,34.240.0.0/13,16509,"AMAZON-02, US",US,arin,2016-09-12,2000-05-04,"CN=console.dsh-dev.dsh.np.aws.kpn.com,O=Koninklijke KPN N.V.,ST=Zuid-Holland,L=Rotterdam,C=NL","CN=certSIGN Enterprise CA Class 3 G2,OU=certSIGN Enterprise CA Class 3 G2,O=certSIGN,C=RO",console.dsh-dev.dsh.np.aws.kpn.com,console.dsh-dev.dsh.np.aws.kpn.com,2022-11-07T14:36:07,2023-11-07T14:36:07
console.kpn-dsh.com,35.156.37.241,35.156.0.0/14,16509,"AMAZON-02, US",US,arin,2016-08-09,2000-05-04,"CN=console.kpn-dsh.com,O=Koninklijke KPN N.V.,ST=Zuid-Holland,L=Rotterdam,C=NL","CN=certSIGN Enterprise CA Class 3 G2,OU=certSIGN Enterprise CA Class 3 G2,O=certSIGN,C=RO",console.kpn-dsh.com,console.kpn-dsh.com,2022-11-15T04:16:04,2023-11-15T04:16:04
console.poc.kpn-dsh.com,35.158.54.73,35.156.0.0/14,16509,"AMAZON-02, US",US,arin,2016-08-09,2000-05-04,"CN=console.poc.kpn-dsh.com,O=Koninklijke KPN N.V.,ST=Zuid-Holland,L=Rotterdam,C=NL","CN=certSIGN Enterprise CA Class 3 G2,OU=certSIGN Enterprise CA Class 3 G2,O=certSIGN,C=RO",console.poc.kpn-dsh.com,console.poc.kpn-dsh.com,2022-11-15T04:34:34,2023-11-15T04:34:34
console.rvp-azure-dsh.kpn-dsh.com,FAILURE,,,,,,,,,,,,,
console.rvp.kpn-dsh.com,FAILURE,,,,,,,,,,,,,
coronarekening.rekenkamer.nl,147.181.11.67,147.181.8.0/22,202553,"DUO-NL-AS, NL",NL,ripencc,1991-07-05,2016-07-26,"CN=coronarekening.rekenkamer.nl,O=Algemene Rekenkamer,L=Den Haag,ST=Zuid-Holland,C=NL","CN=QuoVadis Global SSL ICA G2,O=QuoVadis Limited,C=BM",coronarekening.rekenkamer.nl,coronarekening.rekenkamer.nl,2022-06-21T12:04:18,2023-06-21T12:08:00
dcypher.nl,147.181.6.149,147.181.4.0/22,202553,"DUO-NL-AS, NL",NL,ripencc,1991-07-05,2016-07-26,"CN=dcypher.nl,O=Rijksdienst voor Ondernemend Nederland,L='s-Gravenhage,ST=Zuid-Holland,C=NL","CN=QuoVadis Global SSL ICA G2,O=QuoVadis Limited,C=BM",dcypher.nl,"dcypher.nl,www.dcypher.nl",2022-10-13T05:38:10,2023-10-13T05:33:00
deelnemersportaal.mijnkoopvaardij.nl,212.159.226.167,212.159.224.0/19,29063,"ATOS-NL-AS Eindhoven, NL",NL,ripencc,2000-08-03,2003-05-22,"CN=deelnemersportaal.mijnkoopvaardij.nl,O=Stichting Bedrijfspensioenfonds voor de Koopvaardij,L=Hoofddorp,ST=Noord-Holland,C=NL","CN=QuoVadis Global SSL ICA G2,O=QuoVadis Limited,C=BM",deelnemersportaal.mijnkoopvaardij.nl,deelnemersportaal.mijnkoopvaardij.nl,2022-11-03T11:36:11,2023-11-03T11:31:00
deelnemersportaal-mijnkoopvaardij-nl-a.mn-services.nl,FAILURE,,,,,,,,,,,,,
deelnemersportaal.mijnpmt.nl,212.159.226.167,212.159.224.0/19,29063,"ATOS-NL-AS Eindhoven, NL",NL,ripencc,2000-08-03,2003-05-22,"CN=deelnemersportaal.mijnpmt.nl,O=Stichting Pensioenfonds Metaal en Techniek,L='s-Gravenhage,ST=Zuid-Holland,C=NL","CN=QuoVadis Global SSL ICA G2,O=QuoVadis Limited,C=BM",deelnemersportaal.mijnpmt.nl,deelnemersportaal.mijnpmt.nl,2022-11-03T12:04:37,2023-11-03T11:59:00
deelnemersportaal-mijnpmt-nl-a.mn-services.nl,FAILURE,,,,,,,,,,,,,
defmcd.mindef.nl,217.169.236.107,217.169.224.0/20,15466,"ASN-DTO Maasland Netherlands, NL",NL,ripencc,2001-03-27,2001-07-27,,,,,,
demo-geoservices.rijkswaterstaat.nl,145.45.0.41,145.45.0.0/17,42894,"MINVENW-RWS MinVenW-Rijkswaterstaat Backbone, NL",NL,ripencc,1992-01-01,2007-05-08,"CN=demo-geoservices.rijkswaterstaat.nl,O=Rijkswaterstaat,L='s-Gravenhage,ST=Zuid-Holland,C=NL","CN=QuoVadis Global SSL ICA G2,O=QuoVadis Limited,C=BM",demo-geoservices.rijkswaterstaat.nl,"demo-geoservices.rijkswaterstaat.nl,demo-geoservices.rws.nl,www.demo-geoservices.rws.nl,www.demo-geoservices.rijkswaterstaat.nl",2022-11-07T13:54:25,2023-11-07T13:49:00
dev-datadelen.mijnenergiedata.nl,34.117.50.45,34.116.0.0/14,396982,"GOOGLE-CLOUD-PLATFORM, US",US,arin,2018-09-28,2018-08-15,"ST=Utrecht,O=Energie Data Services Nederland (EDSN) B.V.,C=NL,CN=dev-datadelen.mijnenergiedata.nl,L=Amersfoort","CN=certSIGN Enterprise CA Class 3 G2,OU=certSIGN Enterprise CA Class 3 G2,O=certSIGN,C=RO",dev-datadelen.mijnenergiedata.nl,dev-datadelen.mijnenergiedata.nl,2022-11-25T16:23:29,2023-11-25T16:23:29
dgp2.procesinfrastructuur.nl,144.43.253.17,144.43.252.0/22,212157,"LOGIUS-AZ-1, NL",NL,ripencc,1993-09-01,2020-12-15,,,,,,
digiloc.kpn.com,195.121.120.237,195.121.0.0/17,8737,"PT, NL",NL,ripencc,1999-01-11,1998-03-31,"CN=digiloc.kpn.com,O=Koninklijke KPN N.V.,L=Rotterdam,ST=Zuid-Holland,C=NL","CN=certSIGN Enterprise CA Class 3 G2,OU=certSIGN Enterprise CA Class 3 G2,O=certSIGN,C=RO",digiloc.kpn.com,digiloc.kpn.com,2022-11-23T17:38:48,2023-11-23T17:38:48
digitoegankelijk.nl,93.92.103.99,93.92.100.0/22,24586,"NL-INTERMAX Intermax Cloudsourcing B.V., NL",NL,ripencc,2008-01-29,2002-01-09,"CN=digitoegankelijk.nl,O=Logius,L='s-Gravenhage,ST=Zuid-Holland,C=NL","CN=QuoVadis Europe SSL CA G2,O=QuoVadis Trustlink B.V.,C=NL",digitoegankelijk.nl,"digitoegankelijk.nl,www.digitoegankelijk.nl,prod-dictu.digitoegankelijk.nl",2022-11-24T16:07:53,2023-11-24T16:02:00
dinkelland.nl,83.217.76.211,83.217.64.0/19,34762,"COMBELL-AS, BE",BE,ripencc,2004-03-05,2005-03-31,"CN=dinkelland.nl,O=Gemeente Dinkelland,L=Denekamp,ST=Overijssel,C=NL","CN=certSIGN Enterprise CA Class 3 G2,OU=certSIGN Enterprise CA Class 3 G2,O=certSIGN,C=RO",dinkelland.nl,"dinkelland.nl,www.dinkelland.nl",2022-11-15T15:13:56,2023-11-15T15:13:56
dji-mipost.ssc-i.nl,159.46.197.172,159.46.192.0/18,29311,"SOLVINITY-, NL",NL,ripencc,1993-09-01,2003-07-29,,,,,,
dji-mitunnel.ssc-i.nl,159.46.197.173,159.46.192.0/18,29311,"SOLVINITY-, NL",NL,ripencc,1993-09-01,2003-07-29,,,,,,
dji-miwork.ssc-i.nl,159.46.197.134,159.46.192.0/18,29311,"SOLVINITY-, NL",NL,ripencc,1993-09-01,2003-07-29,,,,,,
dloket.oostgelre.nl,87.249.120.87,87.249.96.0/19,47886,"EQUINIX-NL-ASN, NL",NL,ripencc,2005-08-26,2008-09-11,"CN=dloket.oostgelre.nl,O=Gemeente Oost Gelre,ST=Gelderland,C=NL,2.5.4.15=Government Entity,1.3.6.1.4.1.311.60.2.1.3=NL,2.5.4.5=09212525","CN=Sectigo RSA Extended Validation Secure Server CA,O=Sectigo Limited,L=Salford,ST=Greater Manchester,C=GB",dloket.oostgelre.nl,dloket.oostgelre.nl,2022-11-10T00:00:00,2023-11-10T23:59:59
dms-prod.app.ns.nl,145.15.208.150,145.15.208.0/21,1136,"KPN KPN National, NL",NL,ripencc,1993-09-01,1993-09-01,"CN=dms-prod.app.ns.nl,O=N.V. Nederlandse Spoorwegen,L=Utrecht,ST=Utrecht,C=NL","CN=certSIGN Enterprise CA Class 3 G2,OU=certSIGN Enterprise CA Class 3 G2,O=certSIGN,C=RO",dms-prod.app.ns.nl,"dms.nsstations.nl,dms-prod.app.ns.nl",2022-11-17T10:18:30,2023-11-17T10:18:30
docs.dsh-dev.dsh.np.aws.kpn.com,34.243.239.247,34.240.0.0/13,16509,"AMAZON-02, US",US,arin,2016-09-12,2000-05-04,"CN=docs.dsh-dev.dsh.np.aws.kpn.com,O=Koninklijke KPN N.V.,ST=Zuid-Holland,L=Rotterdam,C=NL","CN=certSIGN Enterprise CA Class 3 G2,OU=certSIGN Enterprise CA Class 3 G2,O=certSIGN,C=RO",docs.dsh-dev.dsh.np.aws.kpn.com,docs.dsh-dev.dsh.np.aws.kpn.com,2022-10-28T07:21:41,2023-10-28T07:21:41
docs.ndw.nu,104.40.215.219,104.40.0.0/13,8075,"MICROSOFT-CORP-MSN-AS-BLOCK, US",US,arin,2014-05-07,1997-03-31,"CN=docs.ndw.nu,O=Ministerie van Infrastructuur en Waterstaat,L='s-Gravenhage,ST=Zuid-Holland,C=NL","CN=QuoVadis Europe SSL CA G2,O=QuoVadis Trustlink B.V.,C=NL",docs.ndw.nu,"docs.ndw.nu,www.docs.ndw.nu",2022-11-14T10:42:47,2023-11-14T10:37:00
dp2021.deltaprogramma.nl,46.182.180.88,46.182.180.0/23,12859,"NL-BIT BIT BV, NL",NL,ripencc,2010-11-26,1999-12-15,"CN=dp2021.deltaprogramma.nl,O=Ministerie van Infrastructuur en Waterstaat,L='s-Gravenhage,ST=Zuid-Holland,C=NL","CN=QuoVadis Europe SSL CA G2,O=QuoVadis Trustlink B.V.,C=NL",dp2021.deltaprogramma.nl,dp2021.deltaprogramma.nl,2022-09-14T07:16:01,2023-09-14T23:45:00
dronten.nl,87.233.198.3,87.233.192.0/18,15703,"TRUESERVER-AS TrueServer BV AS number, NL",NL,ripencc,2005-07-07,2000-09-19,"CN=www.dronten.nl,O=Gemeente Dronten,L=Dronten,ST=Flevoland,C=NL","CN=certSIGN Enterprise CA Class 3 G2,OU=certSIGN Enterprise CA Class 3 G2,O=certSIGN,C=RO",www.dronten.nl,"openpub.dronten.nl,www.dronten.nl,openpdc.dronten.nl,dronten.nl",2022-11-08T15:38:36,2023-11-08T15:38:36
eherkenning.nl,93.92.103.99,93.92.100.0/22,24586,"NL-INTERMAX Intermax Cloudsourcing B.V., NL",NL,ripencc,2008-01-29,2002-01-09,"CN=eherkenning.nl,O=Logius,L='s-Gravenhage,ST=Zuid-Holland,C=NL","CN=QuoVadis Europe SSL CA G2,O=QuoVadis Trustlink B.V.,C=NL",eherkenning.nl,"eherkenning.nl,www.eherkenning.nl,prod-dictu.eherkenning.nl",2022-11-24T16:09:48,2023-11-24T16:04:00
eid.authentication.sidn.nl,76.223.71.132,76.223.64.0/20,16509,"AMAZON-02, US",US,arin,2018-01-10,2000-05-04,"CN=eid.authentication.sidn.nl,O=Stichting Internet Domeinregistratie Nederland,ST=Gelderland,C=NL","CN=GEANT OV RSA CA 4,O=GEANT Vereniging,C=NL",eid.authentication.sidn.nl,eid.authentication.sidn.nl,2022-11-28T00:00:00,2023-11-28T23:59:59
eolf.octrooicentrum.nl,145.12.218.17,145.12.0.0/16,203396,"MINEZ-DICTU, NL",NL,ripencc,1993-09-01,2016-01-27,,,,,,
esp.mfaservices.nl,20.50.239.148,20.48.0.0/12,8075,"MICROSOFT-CORP-MSN-AS-BLOCK, US",US,arin,2017-10-18,1997-03-31,"CN=esp.mfaservices.nl,O=Ministerie van Buitenlandse Zaken,L='s-Gravenhage,ST=Zuid-Holland,C=NL","CN=QuoVadis Europe SSL CA G2,O=QuoVadis Trustlink B.V.,C=NL",esp.mfaservices.nl,esp.mfaservices.nl,2022-11-11T08:38:54,2023-09-12T23:45:00
facturen.ubrijk.nl,85.222.225.133,85.222.224.0/22,35470,"XL-AS, NL",NL,ripencc,2005-03-22,2006-11-29,"CN=facturen.ubrijk.nl,O=Ministerie van Binnenlandse Zaken en Koninkrijksrelaties,L='s-Gravenhage,ST=Zuid-Holland,C=NL,2.5.4.5=50200097,2.5.4.15=Government Entity,1.3.6.1.4.1.311.60.2.1.3=NL","CN=QuoVadis Europe EV SSL CA G1,O=QuoVadis Trustlink B.V.,C=NL",facturen.ubrijk.nl,facturen.ubrijk.nl,2022-06-03T06:23:43,2023-06-03T06:33:00
filesender.ctgb.nl,37.235.115.35,37.235.112.0/21,35332,"DATAWEB DataWeb B.V. - The Netherlands, NL",NL,ripencc,2012-04-17,2005-07-18,"CN=filesender.ctgb.nl,O=College voor toelating van gewasbeschermingsmiddelen en biociden,ST=Gelderland,C=NL","CN=Sectigo RSA Organization Validation Secure Server CA,O=Sectigo Limited,L=Salford,ST=Greater Manchester,C=GB",filesender.ctgb.nl,"filesender.ctgb.nl,www.filesender.ctgb.nl",2022-11-25T00:00:00,2023-11-25T23:59:59
formulieren.defryskemarren.nl,62.165.70.179,62.165.64.0/18,20847,"PREVIDER-AS, NL",NL,ripencc,2001-09-25,2001-06-18,"CN=formulieren.defryskemarren.nl,O=Gemeente De Fryske Marren,ST=Friesland,C=NL,2.5.4.15=Government Entity,1.3.6.1.4.1.311.60.2.1.3=NL,2.5.4.5=59603925","CN=Sectigo RSA Extended Validation Secure Server CA,O=Sectigo Limited,L=Salford,ST=Greater Manchester,C=GB",formulieren.defryskemarren.nl,formulieren.defryskemarren.nl,2022-11-28T00:00:00,2023-11-28T23:59:59
formulieren.doetinchem.nl,62.165.70.183,62.165.64.0/18,20847,"PREVIDER-AS, NL",NL,ripencc,2001-09-25,2001-06-18,"ST=Gelderland,CN=formulieren.doetinchem.nl,O=Gemeente Doetinchem,L=Doetinchem,C=NL","CN=certSIGN Enterprise CA Class 3 G2,OU=certSIGN Enterprise CA Class 3 G2,O=certSIGN,C=RO",formulieren.doetinchem.nl,formulieren.doetinchem.nl,2022-10-28T11:03:13,2023-10-28T11:03:13
formulieren.laborijn.nl,62.165.70.183,62.165.64.0/18,20847,"PREVIDER-AS, NL",NL,ripencc,2001-09-25,2001-06-18,"CN=formulieren.laborijn.nl,ST=Gelderland,O=Laborijn,L=Doetinchem,C=NL","CN=certSIGN Enterprise CA Class 3 G2,OU=certSIGN Enterprise CA Class 3 G2,O=certSIGN,C=RO",formulieren.laborijn.nl,formulieren.laborijn.nl,2022-11-09T11:56:00,2023-11-09T11:56:00
forumstandaardisatie.nl,93.92.103.99,93.92.100.0/22,24586,"NL-INTERMAX Intermax Cloudsourcing B.V., NL",NL,ripencc,2008-01-29,2002-01-09,"CN=forumstandaardisatie.nl,O=Logius,L='s-Gravenhage,ST=Zuid-Holland,C=NL","CN=QuoVadis Europe SSL CA G2,O=QuoVadis Trustlink B.V.,C=NL",forumstandaardisatie.nl,"forumstandaardisatie.nl,www.forumstandaardisatie.nl,prod-dictu.forumstandaardisatie.nl,beslisboom.forumstandaardisatie.nl,forumstandaardisatie.gov.nl,www.forumstandaardisatie.gov.nl",2022-11-24T16:07:08,2023-11-24T16:02:00
freeler.email.kpn.com,213.75.10.146,213.75.0.0/17,8737,"PT, NL",NL,ripencc,2000-04-06,1998-03-31,"CN=freeler.email.kpn.com,O=Koninklijke KPN N.V.,L=Rotterdam,ST=Zuid-Holland,C=NL","CN=certSIGN Enterprise CA Class 3 G2,OU=certSIGN Enterprise CA Class 3 G2,O=certSIGN,C=RO",freeler.email.kpn.com,freeler.email.kpn.com,2022-11-24T15:14:24,2023-11-24T15:14:24
gateway-tst.edsn.nl,52.29.47.77,52.29.0.0/16,16509,"AMAZON-02, US",US,arin,1991-12-19,2000-05-04,"CN=gateway-tst.edsn.nl,O=Energie Data Services Nederland (EDSN) B.V.,L=Amersfoort,ST=Utrecht,C=NL","CN=certSIGN Enterprise CA Class 3 G2,OU=certSIGN Enterprise CA Class 3 G2,O=certSIGN,C=RO",gateway-tst.edsn.nl,gateway-tst.edsn.nl,2022-08-23T14:53:40,2023-08-23T14:53:40
geo.roermond.nl,212.178.155.113,212.178.128.0/19,33915,"TNF-AS, NL",NL,ripencc,1999-06-23,2004-09-06,"C=NL,ST=Limburg,L=Roermond,O=Gemeente Roermond,CN=geo.roermond.nl","CN=certSIGN Enterprise CA Class 3 G2,OU=certSIGN Enterprise CA Class 3 G2,O=certSIGN,C=RO",geo.roermond.nl,geo.roermond.nl,2022-11-22T07:14:23,2023-11-22T07:14:23
geoweb.rijkswaterstaat.nl,131.237.78.225,131.237.78.0/24,42894,"MINVENW-RWS MinVenW-Rijkswaterstaat Backbone, NL",NL,ripencc,1992-01-01,2007-05-08,"CN=geoweb.rijkswaterstaat.nl,O=Rijkswaterstaat,L='s-Gravenhage,ST=Zuid-Holland,C=NL","CN=QuoVadis Global SSL ICA G2,O=QuoVadis Limited,C=BM",geoweb.rijkswaterstaat.nl,"geoweb.rijkswaterstaat.nl,geoweb.rws.nl,www.geoweb.rijkswaterstaat.nl,www.geoweb.rws.nl",2022-11-07T13:54:03,2023-11-07T13:49:00
globe-portaal-internet.procesinfrastructuur.nl,144.43.241.243,144.43.240.0/21,212157,"LOGIUS-AZ-1, NL",NL,ripencc,1993-09-01,2020-12-15,,,,,,
grondwater.dronten.nl,185.52.3.8,185.52.0.0/22,198203,"ASN-ROUTELABEL, NL",US,ripencc,2014-03-27,2011-11-08,"CN=grondwater.dronten.nl,O=Gemeente Dronten,L=Dronten,ST=Flevoland,C=NL","CN=certSIGN Enterprise CA Class 3 G2,OU=certSIGN Enterprise CA Class 3 G2,O=certSIGN,C=RO",grondwater.dronten.nl,"www.grondwater.dronten.nl,grondwater.dronten.nl",2022-11-28T11:45:28,2023-11-28T11:45:28
honeypots.kpnmail.nl,213.75.24.41,213.75.0.0/17,8737,"PT, NL",NL,ripencc,2000-04-06,1998-03-31,"CN=honeypots.kpnmail.nl,O=Koninklijke KPN N.V.,L=Rotterdam,ST=Zuid-Holland,C=NL","CN=certSIGN Enterprise CA Class 3 G2,OU=certSIGN Enterprise CA Class 3 G2,O=certSIGN,C=RO",honeypots.kpnmail.nl,honeypots.kpnmail.nl,2022-11-28T11:36:36,2023-11-28T11:36:36
iburgerzaken.eemsdelta.nl,45.80.232.26,45.80.232.0/22,15879,"KPN-INTERNEDSERVICES KPN Internedservices, NL",NL,ripencc,2019-05-16,2000-10-26,"CN=iburgerzaken.eemsdelta.nl,O=Gemeente Eemsdelta,STREET=Wilhelminaweg 14,L=Appingedam,ST=Groningen,C=NL,1.3.6.1.4.1.311.60.2.1.3=NL,2.5.4.5=81425570,2.5.4.15=Government Entity","CN=GlobalSign Extended Validation CA - SHA256 - G3,O=GlobalSign nv-sa,C=BE",iburgerzaken.eemsdelta.nl,iburgerzaken.eemsdelta.nl,2022-11-23T13:23:15,2023-12-25T13:23:14
iburgerzaken.gooisemeren.nl,45.80.232.27,45.80.232.0/22,15879,"KPN-INTERNEDSERVICES KPN Internedservices, NL",NL,ripencc,2019-05-16,2000-10-26,"CN=iburgerzaken.gooisemeren.nl,O=Gemeente Gooise Meren,L=Bussum,ST=Noord-Holland,C=NL,2.5.4.5=64935345,2.5.4.15=Government Entity,1.3.6.1.4.1.311.60.2.1.3=NL","CN=DigiCert SHA2 Extended Validation Server CA,OU=www.digicert.com,O=DigiCert Inc,C=US",iburgerzaken.gooisemeren.nl,iburgerzaken.gooisemeren.nl,2022-11-23T00:00:00,2023-11-22T23:59:59
ibzpink.eemsdelta.nl,45.80.232.23,45.80.232.0/22,15879,"KPN-INTERNEDSERVICES KPN Internedservices, NL",NL,ripencc,2019-05-16,2000-10-26,"CN=ibzpink.eemsdelta.nl,O=Gemeente Eemsdelta,STREET=Wilhelminaweg 14,L=Appingedam,ST=Groningen,C=NL,1.3.6.1.4.1.311.60.2.1.3=NL,2.5.4.5=81425570,2.5.4.15=Government Entity","CN=GlobalSign Extended Validation CA - SHA256 - G3,O=GlobalSign nv-sa,C=BE",ibzpink.eemsdelta.nl,ibzpink.eemsdelta.nl,2022-11-23T13:40:23,2023-12-25T13:40:22
idp.kvk.nl,176.117.57.39,176.117.57.0/24,13127,"T-MOBILE AS for the Trans-European T-Mobile IP Transport backbone, NL",NL,ripencc,2012-05-15,2000-03-27,"CN=idp.kvk.nl,O=Kamer van Koophandel,L=Utrecht,ST=Utrecht,C=NL","CN=QuoVadis Europe SSL CA G2,O=QuoVadis Trustlink B.V.,C=NL",idp.kvk.nl,idp.kvk.nl,2022-11-09T09:47:54,2023-11-09T09:42:00
id.railov.nl,84.246.21.86,84.246.0.0/18,28685,"ASN-ROUTIT, NL",NL,ripencc,2004-08-04,2003-01-29,"CN=id.railov.nl,O=Stichting Pensioenfonds Rail & Openbaar Vervoer,L=Utrecht,ST=Utrecht,C=NL","CN=certSIGN Enterprise CA Class 3 G2,OU=certSIGN Enterprise CA Class 3 G2,O=certSIGN,C=RO",id.railov.nl,id.railov.nl,2022-11-21T13:47:27,2023-11-21T13:47:27
idtst.railov.nl,46.44.134.119,46.44.128.0/18,28685,"ASN-ROUTIT, NL",NL,ripencc,2010-08-27,2003-01-29,"CN=idtst.railov.nl,O=Stichting Pensioenfonds Rail & Openbaar Vervoer,L=Utrecht,ST=Utrecht,C=NL","CN=certSIGN Enterprise CA Class 3 G2,OU=certSIGN Enterprise CA Class 3 G2,O=certSIGN,C=RO",idtst.railov.nl,idtst.railov.nl,2022-11-21T13:47:28,2023-11-21T13:47:28
iene-prd.topdesk.odc-noord.nl,147.181.15.142,147.181.12.0/22,202553,"DUO-NL-AS, NL",NL,ripencc,1991-07-05,2016-07-26,"CN=iene-prd.topdesk.odc-noord.nl,O=Dienst Uitvoering Onderwijs,L=Groningen,ST=Groningen,C=NL","CN=QuoVadis Global SSL ICA G2,O=QuoVadis Limited,C=BM",iene-prd.topdesk.odc-noord.nl,iene-prd.topdesk.odc-noord.nl,2022-11-22T10:06:48,2023-11-22T10:01:00
inlog-kvdportaal-nl-a.mn-services.nl,212.159.226.169,212.159.224.0/19,29063,"ATOS-NL-AS Eindhoven, NL",NL,ripencc,2000-08-03,2003-05-22,"CN=inlog-kvdportaal-nl-a.mn-services.nl,O=Mn Services N.V.,L='s-Gravenhage,ST=Zuid-Holland,C=NL","CN=QuoVadis Global SSL ICA G2,O=QuoVadis Limited,C=BM",inlog-kvdportaal-nl-a.mn-services.nl,inlog-kvdportaal-nl-a.mn-services.nl,2022-10-25T06:27:48,2023-10-25T06:22:00
inlog-werkgeversportalen-nl-a.mn-services.nl,212.159.226.169,212.159.224.0/19,29063,"ATOS-NL-AS Eindhoven, NL",NL,ripencc,2000-08-03,2003-05-22,"CN=inlog-werkgeversportalen-nl-a.mn-services.nl,O=Mn Services N.V.,L='s-Gravenhage,ST=Zuid-Holland,C=NL","CN=QuoVadis Global SSL ICA G2,O=QuoVadis Limited,C=BM",inlog-werkgeversportalen-nl-a.mn-services.nl,inlog-werkgeversportalen-nl-a.mn-services.nl,2022-10-25T06:28:17,2023-10-25T06:23:00
inr.omgevingsloket.nl,94.228.135.140,94.228.128.0/20,41887,"PROLOCATION Prolocation, NL",NL,ripencc,2008-10-29,2006-11-09,"CN=inr.omgevingsloket.nl,O=Ministerie van Infrastructuur en Waterstaat,L='s-Gravenhage,ST=Zuid-Holland,C=NL","CN=QuoVadis Europe SSL CA G2,O=QuoVadis Trustlink B.V.,C=NL",inr.omgevingsloket.nl,inr.omgevingsloket.nl,2022-11-22T13:57:35,2023-11-22T13:52:00
intake.omgevingsloket.nl,94.228.135.154,94.228.128.0/21,41887,"PROLOCATION Prolocation, NL",NL,ripencc,2008-10-29,2006-11-09,"CN=intake.omgevingsloket.nl,O=Ministerie van Infrastructuur en Waterstaat,L='s-Gravenhage,ST=Zuid-Holland,C=NL","CN=QuoVadis Europe SSL CA G2,O=QuoVadis Trustlink B.V.,C=NL",intake.omgevingsloket.nl,intake.omgevingsloket.nl,2022-11-22T13:58:00,2023-11-22T13:52:00
internet.zorg-id.nl,89.221.191.7,89.221.184.0/21,41696,"RAM-, NL",NL,ripencc,2006-10-09,2006-10-10,,,,,,
izaaksuite.opsterland.nl,85.90.93.219,85.90.64.0/19,1126,"VANCIS Vancis Advanced ICT Services, EU",NL,ripencc,2004-11-08,1993-09-01,,,,,,
jenkins.nsi.topaas.ns.nl,20.71.173.25,20.64.0.0/10,8075,"MICROSOFT-CORP-MSN-AS-BLOCK, US",US,arin,2017-10-18,1997-03-31,"CN=jenkins.nsi.topaas.ns.nl,O=N.V. Nederlandse Spoorwegen,L=Utrecht,ST=Utrecht,C=NL","CN=certSIGN Enterprise CA Class 3 G2,OU=certSIGN Enterprise CA Class 3 G2,O=certSIGN,C=RO",jenkins.nsi.topaas.ns.nl,jenkins.nsi.topaas.ns.nl,2022-11-21T14:54:19,2023-11-21T14:54:19
jump.kiwaregister.nl,52.28.156.195,52.28.0.0/16,16509,"AMAZON-02, US",US,arin,1991-12-19,2000-05-04,"C=NL,ST=Zuid-Holland,L=Rijswijk,O=Kiwa N.V.,CN=jump.kiwaregister.nl","CN=certSIGN Enterprise CA Class 3 G2,OU=certSIGN Enterprise CA Class 3 G2,O=certSIGN,C=RO",jump.kiwaregister.nl,"jump.kiwaregister-static.nl,jump.kiwaregister-dynamic.nl,jump.kiwaregister.nl",2022-11-25T12:06:31,2023-11-25T12:06:31
keten.sophie.oidji.nl,20.82.38.40,20.64.0.0/10,8075,"MICROSOFT-CORP-MSN-AS-BLOCK, US",US,arin,2017-10-18,1997-03-31,"CN=keten.sophie.oidji.nl,O=Ministerie van Justitie en Veiligheid,2.5.4.97=NTRNL-27380834,L='s-Gravenhage,ST=Zuid-Holland,C=NL,2.5.4.5=27380834,2.5.4.15=Government Entity,1.3.6.1.4.1.311.60.2.1.3=NL","CN=QuoVadis Qualified Web ICA G2,O=QuoVadis Trustlink B.V.,C=NL",keten.sophie.oidji.nl,keten.sophie.oidji.nl,2022-11-23T08:05:12,2023-11-23T08:00:00
leerhuisinformatiehuishouding.nl,82.161.224.223,82.161.0.0/16,3265,"XS4ALL-NL Amsterdam, NL",NL,ripencc,2003-07-14,1994-10-25,"CN=leerhuisinformatiehuishouding.nl,O=Ministerie van Onderwijs\, Cultuur en Wetenschap,L=Den Haag,ST=Zuid-Holland,C=NL","CN=QuoVadis Europe SSL CA G2,O=QuoVadis Trustlink B.V.,C=NL",leerhuisinformatiehuishouding.nl,"leerhuisinformatiehuishouding.nl,www.leerhuisinformatiehuishouding.nl",2022-11-16T15:57:35,2023-11-16T15:52:00
liferay.mfaservices.nl,20.50.239.148,20.48.0.0/12,8075,"MICROSOFT-CORP-MSN-AS-BLOCK, US",US,arin,2017-10-18,1997-03-31,"CN=liferay.mfaservices.nl,O=Ministerie van Buitenlandse Zaken,L='s-Gravenhage,ST=Zuid-Holland,C=NL","CN=QuoVadis Europe SSL CA G2,O=QuoVadis Trustlink B.V.,C=NL",liferay.mfaservices.nl,liferay.mfaservices.nl,2022-11-11T08:38:43,2023-09-12T23:45:00
login-select2.alliancepensioenen.nl,76.223.71.132,76.223.64.0/20,16509,"AMAZON-02, US",US,arin,2018-01-10,2000-05-04,"CN=login-select2.alliancepensioenen.nl,O=Achmea Interne Diensten N.V.,L=Zeist,ST=Utrecht,C=NL","CN=QuoVadis Global SSL ICA G2,O=QuoVadis Limited,C=BM",login-select2.alliancepensioenen.nl,login-select2.alliancepensioenen.nl,2022-11-25T14:35:16,2023-11-25T14:30:00
login-select2.metropensioenfonds.nl,13.248.206.174,13.248.192.0/20,16509,"AMAZON-02, US",US,arin,2018-07-11,2000-05-04,"CN=login-select2.metropensioenfonds.nl,O=Achmea Interne Diensten N.V.,L=Zeist,ST=Utrecht,C=NL","CN=QuoVadis Global SSL ICA G2,O=QuoVadis Limited,C=BM",login-select2.metropensioenfonds.nl,login-select2.metropensioenfonds.nl,2022-11-25T14:35:02,2023-11-25T14:29:00
logius.nl,93.92.103.99,93.92.100.0/22,24586,"NL-INTERMAX Intermax Cloudsourcing B.V., NL",NL,ripencc,2008-01-29,2002-01-09,"CN=logius.nl,O=Logius,L='s-Gravenhage,ST=Zuid-Holland,C=NL","CN=QuoVadis Europe SSL CA G2,O=QuoVadis Trustlink B.V.,C=NL",logius.nl,"logius.nl,www.logius.nl,prod-dictu.logius.nl,gitdocumentatie.logius.nl,www.gitdocumentatie.logius.nl,comcms.logius.nl,kennisbank.logius.nl",2022-11-24T16:10:31,2023-11-24T16:05:00
mbgproxy.156473291.mpc.kpn.org,82.201.110.16,82.201.0.0/17,15879,"KPN-INTERNEDSERVICES KPN Internedservices, NL",NL,ripencc,2003-09-18,2000-10-26,"CN=micollab.156473291.mpc.kpn.org,O=Koninklijke KPN N.V.,L=Rotterdam,ST=Zuid-Holland,C=NL","CN=certSIGN Enterprise CA Class 3 G2,OU=certSIGN Enterprise CA Class 3 G2,O=certSIGN,C=RO",micollab.156473291.mpc.kpn.org,"mivb.156473291.mpc.kpn.org,mbgproxy.156473291.mpc.kpn.org,micc-156473291.156473291.mpc.kpn.org,micollab.156473291.mpc.kpn.org",2022-11-24T09:55:19,2023-11-24T09:55:19
meldloket.postedworkers.nl,52.174.181.121,52.160.0.0/11,8075,"MICROSOFT-CORP-MSN-AS-BLOCK, US",US,arin,2015-11-24,1997-03-31,"C=NL,ST=Noord-Holland,L=Amstelveen,O=Sociale Verzekeringsbank,CN=meldloket.postedworkers.nl","CN=certSIGN Enterprise CA Class 3 G2,OU=certSIGN Enterprise CA Class 3 G2,O=certSIGN,C=RO",meldloket.postedworkers.nl,meldloket.postedworkers.nl,2022-10-11T11:54:11,2023-10-11T11:54:11
micollab.1029870012.mpc.kpn.org,82.201.110.17,82.201.0.0/17,15879,"KPN-INTERNEDSERVICES KPN Internedservices, NL",NL,ripencc,2003-09-18,2000-10-26,"CN=micollab.1029870012.mpc.kpn.org,O=Koninklijke KPN N.V.,L=Rotterdam,ST=Zuid-Holland,C=NL","CN=certSIGN Enterprise CA Class 3 G2,OU=certSIGN Enterprise CA Class 3 G2,O=certSIGN,C=RO",micollab.1029870012.mpc.kpn.org,"mivb.1029870012.mpc.kpn.org,mbgproxy.1029870012.mpc.kpn.org,micc-1029870012.1029870012.mpc.kpn.org,micollab.1029870012.mpc.kpn.org",2022-11-28T12:58:31,2023-11-28T12:58:31
micollab.15809409.mpc.kpn.org,82.201.110.13,82.201.0.0/17,15879,"KPN-INTERNEDSERVICES KPN Internedservices, NL",NL,ripencc,2003-09-18,2000-10-26,"CN=micollab.15809409.mpc.kpn.org,O=Koninklijke KPN N.V.,L=Rotterdam,ST=Zuid-Holland,C=NL","CN=certSIGN Enterprise CA Class 3 G2,OU=certSIGN Enterprise CA Class 3 G2,O=certSIGN,C=RO",micollab.15809409.mpc.kpn.org,"mbgproxy.15809409.mpc.kpn.org,micc.15809409.mpc.kpn.org,micollab.15809409.mpc.kpn.org",2022-11-24T10:27:38,2023-11-24T10:27:38
microlearnings.ns.nl,20.50.2.40,20.48.0.0/12,8075,"MICROSOFT-CORP-MSN-AS-BLOCK, US",US,arin,2017-10-18,1997-03-31,"CN=microlearnings.ns.nl,O=N.V. Nederlandse Spoorwegen,L=Utrecht,ST=Utrecht,C=NL","CN=certSIGN Enterprise CA Class 3 G2,OU=certSIGN Enterprise CA Class 3 G2,O=certSIGN,C=RO",microlearnings.ns.nl,"microlearnings-a.ns.nl,microlearnings-t.ns.nl,microlearnings.ns.nl",2022-11-24T15:14:24,2023-11-24T15:14:24
mijn.alexandermonro.nl,77.222.78.230,77.222.64.0/19,47886,"EQUINIX-NL-ASN, NL",NL,ripencc,2007-04-10,2008-09-11,"CN=mijn.alexandermonro.nl,O=Alexander Monro Institute B.V.,L=Bilthoven,ST=Utrecht,C=NL","CN=certSIGN Enterprise CA Class 3 G2,OU=certSIGN Enterprise CA Class 3 G2,O=certSIGN,C=RO",mijn.alexandermonro.nl,mijn.alexandermonro.nl,2022-11-07T08:50:31,2023-11-07T08:50:31
mijna.railov.nl,185.70.233.134,185.70.232.0/22,48522,"CGI-NEDERLAND-BV, NL",NL,ripencc,2014-09-22,2008-12-05,"CN=mijna.railov.nl,O=Stichting Pensioenfonds Rail & Openbaar Vervoer,ST=Utrecht,L=Utrecht,C=NL","CN=certSIGN Enterprise CA Class 3 G2,OU=certSIGN Enterprise CA Class 3 G2,O=certSIGN,C=RO",mijna.railov.nl,mijna.railov.nl,2022-11-21T13:47:27,2023-11-21T13:47:27
mijn.cwz.nl,194.13.164.39,194.13.160.0/20,205915,"PINKROCCADE, NL",NL,ripencc,1994-01-10,2017-05-08,"CN=mijn.cwz.nl,O=Stichting Nijmeegs Intercon ziekenhuis Canisius-Wilhelmina,STREET=Weg door Jonkerbos 100,L=Nijmegen,ST=Gelderland,C=NL,1.3.6.1.4.1.311.60.2.1.3=NL,2.5.4.5=41055664,2.5.4.15=Private Organization","CN=GlobalSign Extended Validation CA - SHA256 - G3,O=GlobalSign nv-sa,C=BE",mijn.cwz.nl,mijn.cwz.nl,2022-10-24T11:53:46,2023-11-25T11:53:45
mijn.dijklander.nl,77.222.78.230,77.222.64.0/19,47886,"EQUINIX-NL-ASN, NL",NL,ripencc,2007-04-10,2008-09-11,"CN=mijn.dijklander.nl,O=Stichting Dijklander Ziekenhuis,ST=Noord-Holland,C=NL,2.5.4.15=Private Organization,1.3.6.1.4.1.311.60.2.1.3=NL,2.5.4.5=41235021","CN=Sectigo RSA Extended Validation Secure Server CA,O=Sectigo Limited,L=Salford,ST=Greater Manchester,C=GB",mijn.dijklander.nl,"mijn.dijklander.nl,www.mijn.dijklander.nl",2022-11-22T00:00:00,2023-11-22T23:59:59
mijninkomen.fijnder.nl,194.53.73.125,194.53.72.0/22,28878,"SIGNET-AS, NL",NL,ripencc,1993-07-19,2003-03-25,"CN=mijninkomen.fijnder.nl,C=NL,ST=Gelderland,L=Groenlo,O=Fijnder","CN=certSIGN Enterprise CA Class 3 G2,OU=certSIGN Enterprise CA Class 3 G2,O=certSIGN,C=RO",mijninkomen.fijnder.nl,mijninkomen.fijnder.nl,2022-11-18T08:07:37,2023-11-18T08:07:37
mijnloket.isdbollenstreek.nl,93.154.102.218,93.154.0.0/17,1136,"KPN KPN National, NL",NL,ripencc,2011-08-31,1993-09-01,,,,,,
mijnmaxima.prinsesmaximacentrum.nl,194.171.216.18,194.171.0.0/16,1103,"SURFNET-NL SURFnet, The Netherlands, NL",NL,ripencc,1995-06-12,1993-09-01,"CN=mijnmaxima.prinsesmaximacentrum.nl,O=Prinses MÃ¡xima Centrum voor Kinderoncologie B.V.,ST=Utrecht,C=NL","CN=GEANT OV RSA CA 4,O=GEANT Vereniging,C=NL",mijnmaxima.prinsesmaximacentrum.nl,mijnmaxima.prinsesmaximacentrum.nl,2022-11-21T00:00:00,2023-11-21T23:59:59
mijn.middendelfland.nl,3.66.182.8,3.64.0.0/12,16509,"AMAZON-02, US",US,arin,2017-12-20,2000-05-04,"CN=mijn.middendelfland.nl,O=Gemeente Midden-Delfland,ST=Zuid-Holland,C=NL","CN=Sectigo RSA Organization Validation Secure Server CA,O=Sectigo Limited,L=Salford,ST=Greater Manchester,C=GB",mijn.middendelfland.nl,mijn.middendelfland.nl,2022-11-09T00:00:00,2023-11-09T23:59:59
mijnoverzicht.sint-michielsgestel.nl,194.53.73.125,194.53.72.0/22,28878,"SIGNET-AS, NL",NL,ripencc,1993-07-19,2003-03-25,"CN=mijnoverzicht.sint-michielsgestel.nl,O=Gemeente Sint-Michielsgestel,ST=Noord-Brabant,C=NL,2.5.4.15=Government Entity,1.3.6.1.4.1.311.60.2.1.3=NL,2.5.4.5=17237737","CN=Sectigo RSA Extended Validation Secure Server CA,O=Sectigo Limited,L=Salford,ST=Greater Manchester,C=GB",mijnoverzicht.sint-michielsgestel.nl,mijnoverzicht.sint-michielsgestel.nl,2022-11-23T00:00:00,2023-11-23T23:59:59
mijnpensioen.allianz.nl,109.235.78.154,109.235.72.0/21,25151,"CYSO-AS, NL",NL,ripencc,2010-01-25,2002-08-09,CN=mijnpensioen.allianz.nl,"CN=R3,O=Let's Encrypt,C=US",mijnpensioen.allianz.nl,mijnpensioen.allianz.nl,2022-11-28T07:22:48,2023-02-26T07:22:47
mijn.rkz.nl,93.191.0.243,93.191.0.0/21,47863,"SDSK, NL",NL,ripencc,2008-05-26,2008-09-08,"CN=mijn.rkz.nl,C=NL,L=Beverwijk,O=Rode Kruis Ziekenhuis B.V.,ST=Noord-Holland","CN=certSIGN Enterprise CA Class 3 G2,OU=certSIGN Enterprise CA Class 3 G2,O=certSIGN,C=RO",mijn.rkz.nl,mijn.rkz.nl,2022-11-23T09:26:44,2023-11-23T09:26:44
mijn.spijkenissemc.nl,77.222.78.230,77.222.64.0/19,47886,"EQUINIX-NL-ASN, NL",NL,ripencc,2007-04-10,2008-09-11,"CN=mijn.spijkenissemc.nl,O=Spijkenisse Medisch Centrum B.V.,L=Spijkenisse,ST=Zuid-Holland,C=NL","CN=Thawte RSA CA 2018,OU=www.digicert.com,O=DigiCert Inc,C=US",mijn.spijkenissemc.nl,"mijn.spijkenissemc.nl,www.mijn.spijkenissemc.nl",2022-11-15T00:00:00,2023-11-14T23:59:59
mobiel.ota-dpo.nl,87.213.100.180,87.213.0.0/16,13127,"T-MOBILE AS for the Trans-European T-Mobile IP Transport backbone, NL",NL,ripencc,2005-06-02,2000-03-27,"CN=mobiel.ota-dpo.nl,O=Defensie Pijpleiding Organisatie,L='s-Gravenhage,ST=Zuid-Holland,C=NL","CN=QuoVadis Global SSL ICA G2,O=QuoVadis Limited,C=BM",mobiel.ota-dpo.nl,mobiel.ota-dpo.nl,2022-11-23T11:03:02,2023-12-01T23:45:00
mobile.ota-dpo.nl,87.213.100.184,87.213.0.0/16,13127,"T-MOBILE AS for the Trans-European T-Mobile IP Transport backbone, NL",NL,ripencc,2005-06-02,2000-03-27,"CN=mobile.ota-dpo.nl,O=Defensie Pijpleiding Organisatie,L='s-Gravenhage,ST=Zuid-Holland,C=NL","CN=QuoVadis Global SSL ICA G2,O=QuoVadis Limited,C=BM",mobile.ota-dpo.nl,mobile.ota-dpo.nl,2022-11-23T11:04:45,2023-12-01T23:45:00
mobile.rijksdienstcn.com,190.123.18.225,190.123.18.0/24,52389,"SSCS BV, BQ",BQ,lacnic,2012-08-17,2012-08-17,,,,,,
monitoring.kpn-dsh.com,35.156.37.241,35.156.0.0/14,16509,"AMAZON-02, US",US,arin,2016-08-09,2000-05-04,"CN=monitoring.kpn-dsh.com,O=Koninklijke KPN N.V.,ST=Zuid-Holland,L=Rotterdam,C=NL","CN=certSIGN Enterprise CA Class 3 G2,OU=certSIGN Enterprise CA Class 3 G2,O=certSIGN,C=RO",monitoring.kpn-dsh.com,monitoring.kpn-dsh.com,2022-11-15T04:16:02,2023-11-15T04:16:02
monitoring.poc.kpn-dsh.com,35.158.54.73,35.156.0.0/14,16509,"AMAZON-02, US",US,arin,2016-08-09,2000-05-04,"CN=monitoring.poc.kpn-dsh.com,O=Koninklijke KPN N.V.,ST=Zuid-Holland,L=Rotterdam,C=NL","CN=certSIGN Enterprise CA Class 3 G2,OU=certSIGN Enterprise CA Class 3 G2,O=certSIGN,C=RO",monitoring.poc.kpn-dsh.com,monitoring.poc.kpn-dsh.com,2022-11-16T01:34:28,2023-11-16T01:34:28
monitoring.rvp-azure-dsh.kpn-dsh.com,FAILURE,,,,,,,,,,,,,
monitoring.rvp.kpn-dsh.com,FAILURE,,,,,,,,,,,,,
mowi.bwnet.nl,176.62.195.104,176.62.192.0/21,8315,"SENTIA, NL",NL,ripencc,2011-06-09,2006-01-05,,,,,,
mqtt.rvp-azure-dsh.kpn-dsh.com,FAILURE,,,,,,,,,,,,,
mqtt.rvp.kpn-dsh.com,FAILURE,,,,,,,,,,,,,
nwro.gemnet.nl,91.233.206.55,91.233.206.0/24,39591,"GLOBAL-E, NL",BE,ripencc,2011-12-16,2007-06-22,"CN=nwro.gemnet.nl,O=KPN B.V.,L=Rotterdam,ST=Zuid-Holland,C=NL","CN=certSIGN Enterprise CA Class 3 G2,OU=certSIGN Enterprise CA Class 3 G2,O=certSIGN,C=RO",nwro.gemnet.nl,nwro.gemnet.nl,2022-11-23T17:13:57,2023-11-23T17:13:57
office.wigo4it.nl,80.113.84.139,80.113.0.0/17,33915,"TNF-AS, NL",NL,ripencc,2001-07-25,2004-09-06,CN=office.wigo4it.nl,"CN=R3,O=Let's Encrypt,C=US",office.wigo4it.nl,"extranet.wigo4it.nl,office.wigo4it.nl,samenwerking.wigo4it.nl",2022-11-25T13:14:55,2023-02-23T13:14:54
ondernemersloket.derondevenen.nl,37.200.85.19,37.200.85.0/24,213208,"ROXIT, NL",NL,ripencc,2020-05-04,2020-05-20,"CN=ondernemersloket.derondevenen.nl,O=Gemeente De Ronde Venen,L=Mijdrecht,ST=Utrecht,C=NL","CN=certSIGN Enterprise CA Class 3 G2,OU=certSIGN Enterprise CA Class 3 G2,O=certSIGN,C=RO",ondernemersloket.derondevenen.nl,ondernemersloket.derondevenen.nl,2022-11-25T16:00:12,2023-11-25T16:00:12
ondertekenen.horizoncollege.nl,83.96.205.231,83.96.128.0/17,21155,"ASN-PROSERVE Amsterdam, NL",NL,ripencc,2003-12-18,2001-09-11,"CN=ondertekenen.horizoncollege.nl,O=Stichting R.O.C. Noord-Kennemerland/West Friesland,L=Alkmaar,ST=Noord-Holland,C=NL","CN=QuoVadis Global SSL ICA G2,O=QuoVadis Limited,C=BM",ondertekenen.horizoncollege.nl,ondertekenen.horizoncollege.nl,2022-11-21T14:11:00,2023-11-21T14:05:00
ondertekenen.novacollege.nl,83.96.205.231,83.96.128.0/17,21155,"ASN-PROSERVE Amsterdam, NL",NL,ripencc,2003-12-18,2001-09-11,"CN=ondertekenen.novacollege.nl,O=Regionaal Opleidingen Centrum Nova College,L=Haarlem,ST=Noord-Holland,C=NL","CN=certSIGN Enterprise CA Class 3 G2,OU=certSIGN Enterprise CA Class 3 G2,O=certSIGN,C=RO",ondertekenen.novacollege.nl,ondertekenen.novacollege.nl,2022-11-21T10:23:28,2023-11-21T10:23:28
ondertekenen.railov.nl,83.96.205.231,83.96.128.0/17,21155,"ASN-PROSERVE Amsterdam, NL",NL,ripencc,2003-12-18,2001-09-11,"CN=ondertekenen.railov.nl,O=Stichting Pensioenfonds Rail & Openbaar Vervoer,L=Utrecht,ST=Utrecht,C=NL","CN=certSIGN Enterprise CA Class 3 G2,OU=certSIGN Enterprise CA Class 3 G2,O=certSIGN,C=RO",ondertekenen.railov.nl,ondertekenen.railov.nl,2022-11-21T13:47:28,2023-11-21T13:47:28
ondertekenen.rocmn.nl,83.96.205.231,83.96.128.0/17,21155,"ASN-PROSERVE Amsterdam, NL",NL,ripencc,2003-12-18,2001-09-11,"CN=ondertekenen.rocmn.nl,O=Regionaal Opleidingen Centrum Midden Nederland,L=Utrecht,ST=Utrecht,C=NL","CN=certSIGN Enterprise CA Class 3 G2,OU=certSIGN Enterprise CA Class 3 G2,O=certSIGN,C=RO",ondertekenen.rocmn.nl,ondertekenen.rocmn.nl,2022-11-14T10:05:25,2023-11-14T10:05:25
onderwijsvooroekraine.nl,82.161.224.223,82.161.0.0/16,3265,"XS4ALL-NL Amsterdam, NL",NL,ripencc,2003-07-14,1994-10-25,"CN=onderwijsvooroekraine.nl,O=Ministerie van Onderwijs\, Cultuur en Wetenschap,L=Den Haag,ST=Zuid-Holland,C=NL","CN=QuoVadis Europe SSL CA G2,O=QuoVadis Trustlink B.V.,C=NL",onderwijsvooroekraine.nl,"onderwijsvooroekraine.nl,www.onderwijsvooroekraine.nl,onderwijsvooroekrainers.nl,www.onderwijsvooroekrainers.nl,onderwijsvoorukraine.nl,www.onderwijsvoorukraine.nl,onderwijsvooroekrainsevluchtelingen.nl,www.onderwijsvooroekrainsevluchtelingen.nl,onderwijsvooroekrainsekinderen.nl,www.onderwijsvooroekrainsekinderen.nl",2022-11-16T15:57:02,2023-11-16T15:51:00
onewelcome.bij12.nl,76.223.71.132,76.223.64.0/20,16509,"AMAZON-02, US",US,arin,2018-01-10,2000-05-04,"C=NL,ST=Zuid-Holland,L='s-Gravenhage,O=het Interprovinciaal Overleg,CN=onewelcome.bij12.nl","CN=certSIGN Enterprise CA Class 3 G2,OU=certSIGN Enterprise CA Class 3 G2,O=certSIGN,C=RO",onewelcome.bij12.nl,onewelcome.bij12.nl,2022-11-28T14:25:50,2023-11-28T14:25:50
onlineform.culture.gov.nl,20.50.239.148,20.48.0.0/12,8075,"MICROSOFT-CORP-MSN-AS-BLOCK, US",US,arin,2017-10-18,1997-03-31,"CN=prod2.onlineform.culture.gov.nl,O=Ministerie van Buitenlandse Zaken,L='s-Gravenhage,ST=Zuid-Holland,C=NL","CN=QuoVadis Europe SSL CA G2,O=QuoVadis Trustlink B.V.,C=NL",prod2.onlineform.culture.gov.nl,"prod2.onlineform.culture.gov.nl,onlineform.culture.gov.nl",2022-09-13T08:18:39,2023-09-13T08:13:00
ontmedmij-inlog.vzvz.nl,37.9.217.160,37.9.216.0/22,57626,"E-ZORG, NL",NL,ripencc,2011-12-15,2011-12-15,"CN=ontmedmij-inlog.vzvz.nl,O=VERENIGING van ZORGAANBIEDERS voor ZORGCOMMUNICATIE,L='s-Gravenhage,ST=Zuid-Holland,C=NL","CN=QuoVadis Global SSL ICA G2,O=QuoVadis Limited,C=BM",ontmedmij-inlog.vzvz.nl,ontmedmij-inlog.vzvz.nl,2022-06-20T11:03:06,2023-06-20T11:07:00
opendata.stelselcatalogus.nl,144.43.243.69,144.43.240.0/21,212157,"LOGIUS-AZ-1, NL",NL,ripencc,1993-09-01,2020-12-15,"CN=www.stelselcatalogus.nl,O=Logius,L='s-Gravenhage,ST=Zuid-Holland,C=NL","CN=QuoVadis Europe SSL CA G2,O=QuoVadis Trustlink B.V.,C=NL",www.stelselcatalogus.nl,"www.stelselcatalogus.nl,opendata.stelselcatalogus.nl,stelselcatalogus.nl",2022-10-13T07:58:24,2023-10-13T07:53:00
opendatavoorgemeenten.nl,82.161.224.223,82.161.0.0/16,3265,"XS4ALL-NL Amsterdam, NL",NL,ripencc,2003-07-14,1994-10-25,"CN=opendatavoorgemeenten.nl,O=Ministerie van Onderwijs\, Cultuur en Wetenschap,L=Den Haag,ST=Zuid-Holland,C=NL","CN=QuoVadis Europe SSL CA G2,O=QuoVadis Trustlink B.V.,C=NL",opendatavoorgemeenten.nl,"opendatavoorgemeenten.nl,www.opendatavoorgemeenten.nl",2022-11-16T15:58:05,2023-11-16T15:53:00
openoporde.nl,82.161.224.223,82.161.0.0/16,3265,"XS4ALL-NL Amsterdam, NL",NL,ripencc,2003-07-14,1994-10-25,"CN=openoporde.nl,O=Ministerie van Onderwijs\, Cultuur en Wetenschap,L=Den Haag,ST=Zuid-Holland,C=NL","CN=QuoVadis Europe SSL CA G2,O=QuoVadis Trustlink B.V.,C=NL",openoporde.nl,"openoporde.nl,www.openoporde.nl",2022-11-18T15:03:44,2023-11-18T14:58:00
ouderportaal.ggdlimburgnoord.nl,185.180.97.130,185.180.96.0/22,31477,"DUOCAST-AS, NL",NL,ripencc,2016-12-05,2004-05-26,CN=ouderportaal.ggdlimburgnoord.nl,"CN=Sectigo RSA Domain Validation Secure Server CA,O=Sectigo Limited,L=Salford,ST=Greater Manchester,C=GB",ouderportaal.ggdlimburgnoord.nl,ouderportaal.ggdlimburgnoord.nl,2022-11-10T00:00:00,2023-11-10T23:59:59
outlook.renkum.nl,13.94.248.71,13.64.0.0/11,8075,"MICROSOFT-CORP-MSN-AS-BLOCK, US",US,arin,2015-03-26,1997-03-31,"CN=outlook.renkum.nl,O=Gemeente Renkum,L=Oosterbeek,ST=Gelderland,C=NL","CN=QuoVadis Global SSL ICA G2,O=QuoVadis Limited,C=BM",outlook.renkum.nl,"outlook.renkum.nl,www.outlook.renkum.nl",2022-11-22T11:09:12,2023-12-04T23:45:00
partners.wigo4it.nl,80.113.84.139,80.113.0.0/17,33915,"TNF-AS, NL",NL,ripencc,2001-07-25,2004-09-06,CN=partners.wigo4it.nl,"CN=R3,O=Let's Encrypt,C=US",partners.wigo4it.nl,partners.wigo4it.nl,2022-11-25T13:16:53,2023-02-23T13:16:52
pensioenplanner.mijnkoopvaardij.nl,185.101.42.42,185.101.40.0/22,203762,"INFOSUPPORT4, NL",NL,ripencc,2015-05-20,2015-11-04,"CN=pensioenplanner.mijnkoopvaardij.nl,O=Stichting Bedrijfspensioenfonds voor de Koopvaardij,L=Hoofddorp,ST=Noord-Holland,C=NL","CN=QuoVadis Global SSL ICA G2,O=QuoVadis Limited,C=BM",pensioenplanner.mijnkoopvaardij.nl,pensioenplanner.mijnkoopvaardij.nl,2022-11-03T11:40:53,2023-11-03T11:35:00
pensioenplanner.mijnpmt.nl,185.101.42.42,185.101.40.0/22,203762,"INFOSUPPORT4, NL",NL,ripencc,2015-05-20,2015-11-04,"CN=pensioenplanner.mijnpmt.nl,O=Stichting Pensioenfonds Metaal en Techniek,L='s-Gravenhage,ST=Zuid-Holland,C=NL","CN=QuoVadis Global SSL ICA G2,O=QuoVadis Limited,C=BM",pensioenplanner.mijnpmt.nl,pensioenplanner.mijnpmt.nl,2022-11-03T12:06:12,2023-11-03T12:01:00
pexip.ggdghor.nl,20.67.118.253,20.64.0.0/10,8075,"MICROSOFT-CORP-MSN-AS-BLOCK, US",US,arin,2017-10-18,1997-03-31,"CN=pexip.ggdghor.nl,O=Stichting Projectenbureau Publieke Gezondheid en Veiligheid NL,L=Utrecht,ST=Utrecht,C=NL","CN=QuoVadis Global SSL ICA G2,O=QuoVadis Limited,C=BM",pexip.ggdghor.nl,"pexip.ggdghor.nl,www.pexip.ggdghor.nl",2022-11-22T12:12:39,2023-11-22T12:07:00
pkio.reconi.nl,80.79.96.168,80.79.96.0/20,21286,"KPN-CORPORATE-MARKET, NL",NL,ripencc,2001-07-11,2001-10-16,"CN=pkio.reconi.nl,O=Reconi B.V.,L=Zaandam,ST=Noord-Holland,C=NL","CN=certSIGN Enterprise CA Class 3 G2,OU=certSIGN Enterprise CA Class 3 G2,O=certSIGN,C=RO",pkio.reconi.nl,pkio.reconi.nl,2022-11-15T13:03:45,2023-11-15T13:03:45
portaal.digikoppeling.nl,144.43.242.154,144.43.240.0/21,212157,"LOGIUS-AZ-1, NL",NL,ripencc,1993-09-01,2020-12-15,"CN=portaal.digikoppeling.nl,O=Logius,L='s-Gravenhage,ST=Zuid-Holland,C=NL","CN=certSIGN Enterprise CA Class 3 G2,OU=certSIGN Enterprise CA Class 3 G2,O=certSIGN,C=RO",portaal.digikoppeling.nl,"www.portaal.digikoppeling.nl,digikoppeling.nl,portaal.digikoppeling.nl",2022-10-12T10:18:13,2023-10-12T10:18:13
portaal.digilevering.nl,144.43.243.69,144.43.240.0/21,212157,"LOGIUS-AZ-1, NL",NL,ripencc,1993-09-01,2020-12-15,"CN=portaal.digilevering.nl,O=Logius,L='s-Gravenhage,ST=Zuid-Holland,C=NL","CN=QuoVadis Europe SSL CA G2,O=QuoVadis Trustlink B.V.,C=NL",portaal.digilevering.nl,"portaal.digilevering.nl,www.digilevering.nl,digilevering.nl",2022-09-29T14:53:26,2023-09-29T14:48:00
portaal.digimelding.nl,144.43.243.66,144.43.240.0/21,212157,"LOGIUS-AZ-1, NL",NL,ripencc,1993-09-01,2020-12-15,"CN=portaal.digimelding.nl,O=Logius,L='s-Gravenhage,ST=Zuid-Holland,C=NL","CN=QuoVadis Europe SSL CA G2,O=QuoVadis Trustlink B.V.,C=NL",portaal.digimelding.nl,"portaal.digimelding.nl,www.digimelding.nl,digimelding.nl",2022-09-29T14:53:13,2023-09-29T14:48:00
portaal-tst07.edsn.nl,52.28.61.125,52.28.0.0/16,16509,"AMAZON-02, US",US,arin,1991-12-19,2000-05-04,"CN=portaal-tst07.edsn.nl,O=Energie Data Services Nederland (EDSN) B.V.,L=Amersfoort,ST=Utrecht,C=NL","CN=certSIGN Enterprise CA Class 3 G2,OU=certSIGN Enterprise CA Class 3 G2,O=certSIGN,C=RO",portaal-tst07.edsn.nl,portaal-tst07.edsn.nl,2022-11-15T11:58:02,2023-11-15T11:58:02
postbus.ggdghor.nl,85.90.69.228,85.90.64.0/19,1126,"VANCIS Vancis Advanced ICT Services, EU",NL,ripencc,2004-11-08,1993-09-01,"CN=postbus.ggdghor.nl,O=Stichting Projectenbureau Publieke Gezondheid en Veiligheid NL,L=Utrecht,ST=Utrecht,C=NL","CN=QuoVadis Global SSL ICA G2,O=QuoVadis Limited,C=BM",postbus.ggdghor.nl,"postbus.ggdghor.nl,www.postbus.ggdghor.nl",2022-11-23T14:11:46,2023-11-23T14:06:00
pp.erasmusmc.nl,156.83.253.57,156.83.0.0/16,1103,"SURFNET-NL SURFnet, The Netherlands, NL",NL,ripencc,1991-12-19,1993-09-01,"CN=pp.erasmusmc.nl,O=Erasmus Universitair Medisch Centrum Rotterdam (Erasmus MC),ST=Zuid-Holland,C=NL","CN=GEANT OV ECC CA 4,O=GEANT Vereniging,C=NL",pp.erasmusmc.nl,pp.erasmusmc.nl,2022-10-18T00:00:00,2023-10-18T23:59:59
pre-login.rivm.nl,99.83.232.131,99.83.224.0/20,16509,"AMAZON-02, US",US,arin,2018-01-10,2000-05-04,"CN=pre-login.rivm.nl,O=Rijksinstituut voor Volksgezondheid en Milieu (RIVM),ST=Utrecht,C=NL","CN=GEANT OV RSA CA 4,O=GEANT Vereniging,C=NL",pre-login.rivm.nl,"pre-login.rivm.nl,pre-uzi.rivm.nl",2022-11-25T00:00:00,2023-11-25T23:59:59
rds.minfin.nl,185.223.84.79,185.223.84.0/24,198730,"SBP, NL",NL,ripencc,2017-09-29,2012-04-25,"CN=rds.minfin.nl,O=Ministerie van FinanciÃ«n,L='s-Gravenhage,ST=Zuid-Holland,C=NL","CN=QuoVadis Global SSL ICA G3,O=QuoVadis Limited,C=BM",rds.minfin.nl,rds.minfin.nl,2022-11-23T08:51:43,2023-11-23T08:46:00
referentiegrootboekschema.nl,93.92.103.99,93.92.100.0/22,24586,"NL-INTERMAX Intermax Cloudsourcing B.V., NL",NL,ripencc,2008-01-29,2002-01-09,"CN=referentiegrootboekschema.nl,O=Logius,L='s-Gravenhage,ST=Zuid-Holland,C=NL","CN=QuoVadis Europe SSL CA G2,O=QuoVadis Trustlink B.V.,C=NL",referentiegrootboekschema.nl,"referentiegrootboekschema.nl,www.referentiegrootboekschema.nl,prod-dictu.referentiegrootboekschema.nl",2022-11-24T16:10:45,2023-11-24T16:05:00
rekentool.eindhovenduurzaam.nl,141.138.168.111,141.138.168.0/21,20847,"PREVIDER-AS, NL",NL,ripencc,2011-07-01,2001-06-18,"CN=rekentool.eindhovenduurzaam.nl,O=Gemeente Eindhoven,L=Eindhoven,ST=Noord-Brabant,C=NL","CN=QuoVadis Global SSL ICA G2,O=QuoVadis Limited,C=BM",rekentool.eindhovenduurzaam.nl,rekentool.eindhovenduurzaam.nl,2022-10-25T08:46:15,2023-10-25T08:41:00
rijksafspraakplanner.nl,87.233.177.4,87.233.128.0/18,15703,"TRUESERVER-AS TrueServer BV AS number, NL",NL,ripencc,2005-07-07,2000-09-19,"CN=www.rijksafspraakplanner.nl,O=P-Direkt Den Haag,L='s-Gravenhage,ST=Zuid-Holland,C=NL","CN=QuoVadis Europe SSL CA G2,O=QuoVadis Trustlink B.V.,C=NL",www.rijksafspraakplanner.nl,"www.rijksafspraakplanner.nl,rijksafspraakplanner.nl",2022-11-11T10:01:00,2023-11-11T09:55:00
rijkswaterstaatstrooit.nl,193.37.204.204,193.37.204.0/22,20559,"FUNDAMENTS-AS, NL",NL,ripencc,2018-10-22,2015-08-13,"CN=rijkswaterstaatstrooit.nl,O=Rijkswaterstaat,L='s-Gravenhage,ST=Zuid-Holland,C=NL","CN=QuoVadis Global SSL ICA G2,O=QuoVadis Limited,C=BM",rijkswaterstaatstrooit.nl,"rijkswaterstaatstrooit.nl,www.rijkswaterstaatstrooit.nl",2022-11-21T20:06:41,2023-11-21T20:01:00
sao.omgevingsloket.nl,94.228.135.148,94.228.128.0/21,41887,"PROLOCATION Prolocation, NL",NL,ripencc,2008-10-29,2006-11-09,"CN=sao.omgevingsloket.nl,O=Ministerie van Infrastructuur en Waterstaat,L='s-Gravenhage,ST=Zuid-Holland,C=NL","CN=QuoVadis Europe SSL CA G2,O=QuoVadis Trustlink B.V.,C=NL",sao.omgevingsloket.nl,sao.omgevingsloket.nl,2022-11-22T13:58:34,2023-11-22T13:53:00
sbr-nl.nl,93.92.103.99,93.92.100.0/22,24586,"NL-INTERMAX Intermax Cloudsourcing B.V., NL",NL,ripencc,2008-01-29,2002-01-09,"CN=sbr-nl.nl,O=Logius,L='s-Gravenhage,ST=Zuid-Holland,C=NL","CN=QuoVadis Europe SSL CA G2,O=QuoVadis Trustlink B.V.,C=NL",sbr-nl.nl,"sbr-nl.nl,www.sbr-nl.nl,prod-dictu.sbr-nl.nl",2022-11-24T16:11:10,2023-11-24T16:06:00
schadefondsjeugdzorg.nl,159.223.224.146,159.223.224.0/20,14061,"DIGITALOCEAN-ASN, US",US,arin,2020-11-03,2012-09-25,"CN=schadefondsjeugdzorg.nl,O=Schadefonds Geweldsmisdrijven,L='s-Gravenhage,ST=Zuid-Holland,C=NL","CN=QuoVadis Europe SSL CA G2,O=QuoVadis Trustlink B.V.,C=NL",schadefondsjeugdzorg.nl,"schadefondsjeugdzorg.nl,www.schadefondsjeugdzorg.nl",2022-11-24T11:25:12,2023-11-24T11:19:00
schadefonds.nl,167.71.75.16,167.71.64.0/20,14061,"DIGITALOCEAN-ASN, US",US,arin,2019-04-24,2012-09-25,"CN=schadefonds.nl,O=Schadefonds Geweldsmisdrijven,L='s-Gravenhage,ST=Zuid-Holland,C=NL","CN=QuoVadis Europe SSL CA G2,O=QuoVadis Trustlink B.V.,C=NL",schadefonds.nl,"schadefonds.nl,www.schadefonds.nl",2022-11-24T11:25:28,2023-11-24T11:20:00
schatkistbankieren.minfin.nl,185.223.84.78,185.223.84.0/24,198730,"SBP, NL",NL,ripencc,2017-09-29,2012-04-25,"CN=schatkistbankieren.minfin.nl,O=Ministerie van FinanciÃ«n,L='s-Gravenhage,ST=Zuid-Holland,C=NL","CN=QuoVadis Global SSL ICA G3,O=QuoVadis Limited,C=BM",schatkistbankieren.minfin.nl,schatkistbankieren.minfin.nl,2022-11-23T08:52:19,2023-11-23T08:47:00
sesam.gemnet.nl,145.222.106.96,145.222.0.0/16,21286,"KPN-CORPORATE-MARKET, NL",NL,ripencc,2002-10-09,2001-10-16,CN=*.mysmartxs.com,"CN=Sectigo RSA Domain Validation Secure Server CA,O=Sectigo Limited,L=Salford,ST=Greater Manchester,C=GB",*.mysmartxs.com,"*.mysmartxs.com,mysmartxs.com",2022-02-21T00:00:00,2023-03-24T23:59:59
simplesamlidp.dictu.nl,93.92.103.84,93.92.100.0/22,24586,"NL-INTERMAX Intermax Cloudsourcing B.V., NL",NL,ripencc,2008-01-29,2002-01-09,"CN=simplesamlidp.dictu.nl,O=Ministerie van Economische Zaken en Klimaat,L='s-Gravenhage,ST=Zuid-Holland,C=NL","CN=QuoVadis Global SSL ICA G2,O=QuoVadis Limited,C=BM",simplesamlidp.dictu.nl,simplesamlidp.dictu.nl,2022-11-25T08:06:15,2023-11-25T08:01:00
sip.dpo.mindef.nl,87.213.101.115,87.213.0.0/16,13127,"T-MOBILE AS for the Trans-European T-Mobile IP Transport backbone, NL",NL,ripencc,2005-06-02,2000-03-27,"CN=sip.dpo.mindef.nl,O=Defensie Pijpleiding Organisatie,L='s-Gravenhage,ST=Zuid-Holland,C=NL","CN=QuoVadis Global SSL ICA G2,O=QuoVadis Limited,C=BM",sip.dpo.mindef.nl,"sip.dpo.mindef.nl,webconf.dpo.mindef.nl,av.dpo.mindef.nl",2022-11-22T14:20:31,2023-12-01T23:45:00
sophie.oidji.nl,20.82.38.40,20.64.0.0/10,8075,"MICROSOFT-CORP-MSN-AS-BLOCK, US",US,arin,2017-10-18,1997-03-31,"CN=sophie.oidji.nl,O=Ministerie van Justitie en Veiligheid,2.5.4.97=NTRNL-27380834,L='s-Gravenhage,ST=Zuid-Holland,C=NL,2.5.4.5=27380834,2.5.4.15=Government Entity,1.3.6.1.4.1.311.60.2.1.3=NL","CN=QuoVadis Qualified Web ICA G2,O=QuoVadis Trustlink B.V.,C=NL",sophie.oidji.nl,sophie.oidji.nl,2022-11-23T08:07:06,2023-11-23T08:02:00
sslvpn.gemnet.nl,145.222.106.77,145.222.0.0/16,21286,"KPN-CORPORATE-MARKET, NL",NL,ripencc,2002-10-09,2001-10-16,"CN=sslvpn.gemnet.nl,O=KPN B.V.,L=Rotterdam,ST=Zuid-Holland,C=NL","CN=certSIGN Enterprise CA Class 3 G2,OU=certSIGN Enterprise CA Class 3 G2,O=certSIGN,C=RO",sslvpn.gemnet.nl,sslvpn.gemnet.nl,2022-11-21T13:59:37,2023-11-21T13:59:37
stadswinkel.roermond.nl,195.35.139.52,195.35.128.0/18,33915,"TNF-AS, NL",NL,ripencc,2000-03-30,2004-09-06,"CN=stadswinkel.roermond.nl,O=Gemeente Roermond,L=Roermond,ST=Limburg,C=NL","CN=certSIGN Enterprise CA Class 3 G2,OU=certSIGN Enterprise CA Class 3 G2,O=certSIGN,C=RO",stadswinkel.roermond.nl,stadswinkel.roermond.nl,2022-10-19T07:15:10,2023-10-19T07:15:10
stelselcatalogus.nl,144.43.243.69,144.43.240.0/21,212157,"LOGIUS-AZ-1, NL",NL,ripencc,1993-09-01,2020-12-15,"CN=www.stelselcatalogus.nl,O=Logius,L='s-Gravenhage,ST=Zuid-Holland,C=NL","CN=QuoVadis Europe SSL CA G2,O=QuoVadis Trustlink B.V.,C=NL",www.stelselcatalogus.nl,"www.stelselcatalogus.nl,opendata.stelselcatalogus.nl,stelselcatalogus.nl",2022-10-13T07:58:24,2023-10-13T07:53:00
sts.ota-dpo.nl,87.213.100.179,87.213.0.0/16,13127,"T-MOBILE AS for the Trans-European T-Mobile IP Transport backbone, NL",NL,ripencc,2005-06-02,2000-03-27,"CN=sts.ota-dpo.nl,O=Defensie Pijpleiding Organisatie,L='s-Gravenhage,ST=Zuid-Holland,C=NL","CN=QuoVadis Global SSL ICA G2,O=QuoVadis Limited,C=BM",sts.ota-dpo.nl,sts.ota-dpo.nl,2022-11-23T11:06:38,2023-12-01T23:45:00
sts.woonzorg.nl,20.82.18.12,20.64.0.0/10,8075,"MICROSOFT-CORP-MSN-AS-BLOCK, US",US,arin,2017-10-18,1997-03-31,CN=sts.woonzorg.nl,"CN=Sectigo RSA Domain Validation Secure Server CA,O=Sectigo Limited,L=Salford,ST=Greater Manchester,C=GB",sts.woonzorg.nl,sts.woonzorg.nl,2022-11-15T00:00:00,2023-11-15T23:59:59
tao.omgevingsloket.nl,94.228.135.134,94.228.128.0/21,41887,"PROLOCATION Prolocation, NL",NL,ripencc,2008-10-29,2006-11-09,"CN=tao.omgevingsloket.nl,O=Ministerie van Infrastructuur en Waterstaat,L='s-Gravenhage,ST=Zuid-Holland,C=NL","CN=QuoVadis Europe SSL CA G2,O=QuoVadis Trustlink B.V.,C=NL",tao.omgevingsloket.nl,tao.omgevingsloket.nl,2022-11-22T13:58:58,2023-11-22T13:53:00
telewerken.ota-dpo.nl,87.213.100.183,87.213.0.0/16,13127,"T-MOBILE AS for the Trans-European T-Mobile IP Transport backbone, NL",NL,ripencc,2005-06-02,2000-03-27,"CN=telewerken.ota-dpo.nl,O=Defensie Pijpleiding Organisatie,L='s-Gravenhage,ST=Zuid-Holland,C=NL","CN=QuoVadis Global SSL ICA G2,O=QuoVadis Limited,C=BM",telewerken.ota-dpo.nl,telewerken.ota-dpo.nl,2022-11-17T15:45:01,2023-11-17T15:40:00
toegankelijkheidsverklaring.nl,93.92.103.99,93.92.100.0/22,24586,"NL-INTERMAX Intermax Cloudsourcing B.V., NL",NL,ripencc,2008-01-29,2002-01-09,"CN=toegankelijkheidsverklaring.nl,O=Logius,L='s-Gravenhage,ST=Zuid-Holland,C=NL","CN=QuoVadis Europe SSL CA G2,O=QuoVadis Trustlink B.V.,C=NL",toegankelijkheidsverklaring.nl,"toegankelijkheidsverklaring.nl,www.toegankelijkheidsverklaring.nl,prod-dictu.toegankelijkheidsverklaring.nl",2022-11-24T16:11:47,2023-11-24T16:06:00
tracing.dsh-dev.dsh.np.aws.kpn.com,34.243.239.247,34.240.0.0/13,16509,"AMAZON-02, US",US,arin,2016-09-12,2000-05-04,"CN=tracing.dsh-dev.dsh.np.aws.kpn.com,O=Koninklijke KPN N.V.,ST=Zuid-Holland,L=Rotterdam,C=NL","CN=certSIGN Enterprise CA Class 3 G2,OU=certSIGN Enterprise CA Class 3 G2,O=certSIGN,C=RO",tracing.dsh-dev.dsh.np.aws.kpn.com,tracing.dsh-dev.dsh.np.aws.kpn.com,2022-10-28T08:21:04,2023-10-28T08:21:04
tracing.rvp-azure-dsh.kpn-dsh.com,FAILURE,,,,,,,,,,,,,
tracing.rvp.kpn-dsh.com,FAILURE,,,,,,,,,,,,,
tstmedmij-inlog.vzvz.nl,37.9.217.161,37.9.216.0/21,57626,"E-ZORG, NL",NL,ripencc,2011-12-15,2011-12-15,"CN=tstmedmij-inlog.vzvz.nl,O=VERENIGING van ZORGAANBIEDERS voor ZORGCOMMUNICATIE,L='s-Gravenhage,ST=Zuid-Holland,C=NL","CN=QuoVadis Global SSL ICA G2,O=QuoVadis Limited,C=BM",tstmedmij-inlog.vzvz.nl,tstmedmij-inlog.vzvz.nl,2022-06-20T11:03:00,2023-06-20T11:07:00
tunnel01.mindef.nl,217.169.224.224,217.169.224.0/20,15466,"ASN-DTO Maasland Netherlands, NL",NL,ripencc,2001-03-27,2001-07-27,,,,,,
tunnel02.mindef.nl,217.169.224.229,217.169.224.0/20,15466,"ASN-DTO Maasland Netherlands, NL",NL,ripencc,2001-03-27,2001-07-27,,,,,,
upeu.minez.nl,145.12.218.76,145.12.0.0/16,203396,"MINEZ-DICTU, NL",NL,ripencc,1993-09-01,2016-01-27,"CN=upeu.minez.nl,O=Ministerie van Economische Zaken en Klimaat,L='s-Gravenhage,ST=Zuid-Holland,C=NL","CN=QuoVadis Global SSL ICA G2,O=QuoVadis Limited,C=BM",upeu.minez.nl,upeu.minez.nl,2022-11-23T13:06:26,2023-11-23T13:01:00
verkoop.domeinenrz.nl,185.52.236.135,185.52.236.0/22,57866,"FUSIX-AS, NL",NL,ripencc,2014-04-03,2012-02-28,"CN=verkoop.domeinenrz.nl,O=Domeinen Roerende Zaken,L=Apeldoorn,ST=Gelderland,C=NL","CN=certSIGN Enterprise CA Class 3 G2,OU=certSIGN Enterprise CA Class 3 G2,O=certSIGN,C=RO",verkoop.domeinenrz.nl,verkoop.domeinenrz.nl,2022-11-22T15:34:11,2023-11-22T15:34:11
videoleren.nvwa.nl,52.49.45.33,52.48.0.0/14,16509,"AMAZON-02, US",US,arin,1991-12-19,2000-05-04,"CN=videoleren.nvwa.nl,O=Nederlandse Voedsel- en Warenautoriteit,L=Utrecht,ST=Utrecht,C=NL","CN=QuoVadis Global SSL ICA G2,O=QuoVadis Limited,C=BM",videoleren.nvwa.nl,videoleren.nvwa.nl,2022-11-11T10:54:47,2023-11-11T10:49:00
vt.1ratio.nl,194.171.77.150,194.171.0.0/16,1103,"SURFNET-NL SURFnet, The Netherlands, NL",NL,ripencc,1995-06-12,1993-09-01,,,,,,
vt-apps.duo.nl,194.171.77.144,194.171.0.0/16,1103,"SURFNET-NL SURFnet, The Netherlands, NL",NL,ripencc,1995-06-12,1993-09-01,,,,,,
vt-digid.ib-groep.nl,194.171.77.15,194.171.0.0/16,1103,"SURFNET-NL SURFnet, The Netherlands, NL",NL,ripencc,1995-06-12,1993-09-01,,,,,,
vt-siam.duo.nl,194.171.77.18,194.171.0.0/16,1103,"SURFNET-NL SURFnet, The Netherlands, NL",NL,ripencc,1995-06-12,1993-09-01,,,,,,
webservices.acp.kvk.nl,176.117.57.125,176.117.57.0/24,13127,"T-MOBILE AS for the Trans-European T-Mobile IP Transport backbone, NL",NL,ripencc,2012-05-15,2000-03-27,"CN=webservices.acp.kvk.nl,O=Kamer van Koophandel,L=Utrecht,ST=Utrecht,C=NL","CN=QuoVadis Europe SSL CA G2,O=QuoVadis Trustlink B.V.,C=NL",webservices.acp.kvk.nl,webservices.acp.kvk.nl,2022-10-25T09:19:54,2023-10-25T09:14:00
webservices.managedpki.com,80.79.96.211,80.79.96.0/20,21286,"KPN-CORPORATE-MARKET, NL",NL,ripencc,2001-07-11,2001-10-16,,,,,,
webservices.preprod.kvk.nl,176.117.57.67,176.117.57.0/24,13127,"T-MOBILE AS for the Trans-European T-Mobile IP Transport backbone, NL",NL,ripencc,2012-05-15,2000-03-27,"CN=webservices.preprod.kvk.nl,O=Kamer van Koophandel,L=Utrecht,ST=Utrecht,C=NL","CN=QuoVadis Europe SSL CA G2,O=QuoVadis Trustlink B.V.,C=NL",webservices.preprod.kvk.nl,webservices.preprod.kvk.nl,2022-11-02T16:12:46,2023-11-02T16:07:00
werkplek.kvk.nl,176.117.57.156,176.117.57.0/24,13127,"T-MOBILE AS for the Trans-European T-Mobile IP Transport backbone, NL",NL,ripencc,2012-05-15,2000-03-27,"CN=werkplek.kvk.nl,O=Kamer van Koophandel,L=Utrecht,ST=Utrecht,C=NL","CN=QuoVadis Europe SSL CA G2,O=QuoVadis Trustlink B.V.,C=NL",werkplek.kvk.nl,werkplek.kvk.nl,2022-11-23T11:51:03,2023-11-23T11:45:00
wervinginformatiehuishouding.nl,82.161.224.223,82.161.0.0/16,3265,"XS4ALL-NL Amsterdam, NL",NL,ripencc,2003-07-14,1994-10-25,"CN=wervinginformatiehuishouding.nl,O=Ministerie van Onderwijs\, Cultuur en Wetenschap,L=Den Haag,ST=Zuid-Holland,C=NL","CN=QuoVadis Europe SSL CA G2,O=QuoVadis Trustlink B.V.,C=NL",wervinginformatiehuishouding.nl,"wervinginformatiehuishouding.nl,www.wervinginformatiehuishouding.nl",2022-11-16T15:57:20,2023-11-16T15:52:00
woz-portaal.drimmelen.nl,213.214.121.187,213.214.96.0/19,8315,"SENTIA, NL",NL,ripencc,2003-03-12,2006-01-05,"CN=woz-portaal.drimmelen.nl,O=Gemeente Drimmelen,L=Made,ST=Noord-Brabant,C=NL","CN=certSIGN Enterprise CA Class 3 G2,OU=certSIGN Enterprise CA Class 3 G2,O=certSIGN,C=RO",woz-portaal.drimmelen.nl,woz-portaal.drimmelen.nl,2022-11-11T08:30:42,2023-11-11T08:30:42
www.atlasnatuurlijkkapitaal.nl,131.224.250.155,131.224.0.0/16,1103,"SURFNET-NL SURFnet, The Netherlands, NL",NL,ripencc,1989-01-23,1993-09-01,"CN=www.atlasnatuurlijkkapitaal.nl,O=Rijksinstituut voor Volksgezondheid en Milieu (RIVM),ST=Utrecht,C=NL","CN=GEANT OV RSA CA 4,O=GEANT Vereniging,C=NL",www.atlasnatuurlijkkapitaal.nl,"www.atlasnatuurlijkkapitaal.nl,acceptatie.atlasnatuurlijkkapitaal.nl,atlasnatuurlijkkapitaal.nl,ontwikkel.atlasnatuurlijkkapitaal.nl,test.atlasnatuurlijkkapitaal.nl",2022-11-24T00:00:00,2023-11-24T23:59:59
www.bics.nl,46.19.221.150,46.19.216.0/21,20559,"FUNDAMENTS-AS, NL",NL,ripencc,2010-11-18,2015-08-13,"CN=www.bics.nl,O=Rijkswaterstaat,L='s-Gravenhage,ST=Zuid-Holland,C=NL","CN=QuoVadis Global SSL ICA G2,O=QuoVadis Limited,C=BM",www.bics.nl,www.bics.nl,2022-05-24T10:36:02,2023-05-24T10:42:00
www.bodemloket.nl,149.210.146.78,149.210.128.0/17,20857,"TRANSIP-AS Amsterdam, the Netherlands, NL",NL,ripencc,2011-08-17,2001-06-20,"CN=www.bodemloket.nl,O=Rijkswaterstaat,L='s-Gravenhage,ST=Zuid-Holland,C=NL","CN=QuoVadis Global SSL ICA G2,O=QuoVadis Limited,C=BM",www.bodemloket.nl,www.bodemloket.nl,2022-10-14T06:55:06,2023-10-14T06:50:00
www.bromonitor.nl,147.181.12.252,147.181.12.0/22,202553,"DUO-NL-AS, NL",NL,ripencc,1991-07-05,2016-07-26,"CN=bromonitor.nl,O=Stichting ICTU,L='s-Gravenhage,ST=Zuid-Holland,C=NL","CN=QuoVadis Europe SSL CA G2,O=QuoVadis Trustlink B.V.,C=NL",bromonitor.nl,"bromonitor.nl,www.bromonitor.nl,acc.bromonitor.nl",2022-11-22T09:23:49,2023-11-22T09:18:00
www.csirtdsp.nl,147.181.10.224,147.181.8.0/22,202553,"DUO-NL-AS, NL",NL,ripencc,1991-07-05,2016-07-26,"CN=www.csirtdsp.nl,O=Ministerie van Economische Zaken en Klimaat,L='s-Gravenhage,ST=Zuid-Holland,C=NL","CN=QuoVadis Global SSL ICA G2,O=QuoVadis Limited,C=BM",www.csirtdsp.nl,"www.csirtdsp.nl,csirtdsp.nl,dspcsirt.nl,www.dspcsirt.nl,dsp-csirt.nl,www.dsp-csirt.nl,certdsp.nl,www.certdsp.nl,cert-dsp.nl,www.cert-dsp.nl,dspcert.nl,www.dspcert.nl,dsp-cert.nl,www.dsp-cert.nl",2022-11-23T12:15:10,2023-11-23T12:10:00
www.derondevenen.nl,37.200.85.19,37.200.85.0/24,213208,"ROXIT, NL",NL,ripencc,2020-05-04,2020-05-20,"CN=www.derondevenen.nl,O=Gemeente De Ronde Venen,L=Mijdrecht,ST=Utrecht,C=NL","CN=certSIGN Enterprise CA Class 3 G2,OU=certSIGN Enterprise CA Class 3 G2,O=certSIGN,C=RO",www.derondevenen.nl,"derondevenen.nl,www.derondevenen.nl",2022-11-25T16:34:18,2023-11-25T16:34:18
www.dienstenportaal.nl,159.46.197.93,159.46.192.0/18,29311,"SOLVINITY-, NL",NL,ripencc,1993-09-01,2003-07-29,,,,,,
www.digid.nl,93.92.103.100,93.92.100.0/22,24586,"NL-INTERMAX Intermax Cloudsourcing B.V., NL",NL,ripencc,2008-01-29,2002-01-09,"CN=digid.nl,O=Logius,L='s-Gravenhage,ST=Zuid-Holland,C=NL","CN=QuoVadis Europe SSL CA G2,O=QuoVadis Trustlink B.V.,C=NL",digid.nl,"digid.nl,www.digid.nl,prod.digid.nl",2022-11-24T16:07:41,2023-11-24T16:02:00
www.digitaltrustcenter.nl,147.181.10.224,147.181.8.0/22,202553,"DUO-NL-AS, NL",NL,ripencc,1991-07-05,2016-07-26,"CN=www.digitaltrustcenter.nl,O=Ministerie van Economische Zaken en Klimaat,L='s-Gravenhage,ST=Zuid-Holland,C=NL","CN=QuoVadis Global SSL ICA G2,O=QuoVadis Limited,C=BM",www.digitaltrustcenter.nl,"www.digitaltrustcenter.nl,digitaltrustcenter.nl",2022-11-23T12:11:46,2023-11-23T12:06:00
www.digitoegankelijk.nl,93.92.103.99,93.92.100.0/22,24586,"NL-INTERMAX Intermax Cloudsourcing B.V., NL",NL,ripencc,2008-01-29,2002-01-09,"CN=digitoegankelijk.nl,O=Logius,L='s-Gravenhage,ST=Zuid-Holland,C=NL","CN=QuoVadis Europe SSL CA G2,O=QuoVadis Trustlink B.V.,C=NL",digitoegankelijk.nl,"digitoegankelijk.nl,www.digitoegankelijk.nl,prod-dictu.digitoegankelijk.nl",2022-11-24T16:07:53,2023-11-24T16:02:00
www.dinkelland.nl,83.217.76.211,83.217.64.0/19,34762,"COMBELL-AS, BE",BE,ripencc,2004-03-05,2005-03-31,"CN=dinkelland.nl,O=Gemeente Dinkelland,L=Denekamp,ST=Overijssel,C=NL","CN=certSIGN Enterprise CA Class 3 G2,OU=certSIGN Enterprise CA Class 3 G2,O=certSIGN,C=RO",dinkelland.nl,"dinkelland.nl,www.dinkelland.nl",2022-11-15T15:13:56,2023-11-15T15:13:56
www.dronten.nl,87.233.198.3,87.233.192.0/18,15703,"TRUESERVER-AS TrueServer BV AS number, NL",NL,ripencc,2005-07-07,2000-09-19,"CN=www.dronten.nl,O=Gemeente Dronten,L=Dronten,ST=Flevoland,C=NL","CN=certSIGN Enterprise CA Class 3 G2,OU=certSIGN Enterprise CA Class 3 G2,O=certSIGN,C=RO",www.dronten.nl,"openpub.dronten.nl,www.dronten.nl,openpdc.dronten.nl,dronten.nl",2022-11-08T15:38:36,2023-11-08T15:38:36
www.edisontd.nl,159.46.204.221,159.46.192.0/18,29311,"SOLVINITY-, NL",NL,ripencc,1993-09-01,2003-07-29,"CN=www.edisontd.nl,O=politie,2.5.4.97=NTRNL-57096317,L='s-Gravenhage,ST=Zuid-Holland,C=NL,2.5.4.5=57096317,2.5.4.15=Government Entity,1.3.6.1.4.1.311.60.2.1.3=NL","CN=QuoVadis Qualified Web ICA G2,O=QuoVadis Trustlink B.V.,C=NL",www.edisontd.nl,"www.edisontd.nl,edisontd.nl,www.edisontdw.nl,edisontdw.nl",2022-10-24T11:43:25,2023-10-24T11:38:00
www.eherkenning.nl,93.92.103.99,93.92.100.0/22,24586,"NL-INTERMAX Intermax Cloudsourcing B.V., NL",NL,ripencc,2008-01-29,2002-01-09,"CN=eherkenning.nl,O=Logius,L='s-Gravenhage,ST=Zuid-Holland,C=NL","CN=QuoVadis Europe SSL CA G2,O=QuoVadis Trustlink B.V.,C=NL",eherkenning.nl,"eherkenning.nl,www.eherkenning.nl,prod-dictu.eherkenning.nl",2022-11-24T16:09:48,2023-11-24T16:04:00
www.forumstandaardisatie.nl,93.92.103.99,93.92.100.0/22,24586,"NL-INTERMAX Intermax Cloudsourcing B.V., NL",NL,ripencc,2008-01-29,2002-01-09,"CN=forumstandaardisatie.nl,O=Logius,L='s-Gravenhage,ST=Zuid-Holland,C=NL","CN=QuoVadis Europe SSL CA G2,O=QuoVadis Trustlink B.V.,C=NL",forumstandaardisatie.nl,"forumstandaardisatie.nl,www.forumstandaardisatie.nl,prod-dictu.forumstandaardisatie.nl,beslisboom.forumstandaardisatie.nl,forumstandaardisatie.gov.nl,www.forumstandaardisatie.gov.nl",2022-11-24T16:07:08,2023-11-24T16:02:00
www.gebouwdin.amsterdam.nl,85.158.204.6,85.158.200.0/21,25151,"CYSO-AS, NL",NL,ripencc,2005-01-25,2002-08-09,,,,,,
www.gepensioen.nl,92.71.209.203,92.71.192.0/18,1136,"KPN KPN National, NL",NL,ripencc,2007-06-19,1993-09-01,"CN=gereserveerddoortkp.nl,O=TKP Pensioen B.V.,ST=Groningen,C=NL","CN=Sectigo RSA Organization Validation Secure Server CA,O=Sectigo Limited,L=Salford,ST=Greater Manchester,C=GB",gereserveerddoortkp.nl,"gereserveerddoortkp.nl,www.gereserveerddoortkp.nl",2022-08-30T00:00:00,2023-09-14T23:59:59
www.logius.nl,93.92.103.99,93.92.100.0/22,24586,"NL-INTERMAX Intermax Cloudsourcing B.V., NL",NL,ripencc,2008-01-29,2002-01-09,"CN=logius.nl,O=Logius,L='s-Gravenhage,ST=Zuid-Holland,C=NL","CN=QuoVadis Europe SSL CA G2,O=QuoVadis Trustlink B.V.,C=NL",logius.nl,"logius.nl,www.logius.nl,prod-dictu.logius.nl,gitdocumentatie.logius.nl,www.gitdocumentatie.logius.nl,comcms.logius.nl,kennisbank.logius.nl",2022-11-24T16:10:31,2023-11-24T16:05:00
www.meubelpensioen.nl,92.71.209.203,92.71.192.0/18,1136,"KPN KPN National, NL",NL,ripencc,2007-06-19,1993-09-01,"CN=www.meubelpensioen.nl,O=TKP Pensioen B.V.,ST=Groningen,C=NL","CN=Sectigo RSA Organization Validation Secure Server CA,O=Sectigo Limited,L=Salford,ST=Greater Manchester,C=GB",www.meubelpensioen.nl,"www.meubelpensioen.nl,meubelpensioen.nl",2022-11-15T00:00:00,2023-11-15T23:59:59
www.nationaaldeltacongres.nl,147.181.98.150,147.181.98.0/24,48037,"SSO-ICT, NL",NL,ripencc,1991-07-05,2008-10-02,"CN=www.nationaaldeltacongres.nl,O=Ministerie van Infrastructuur en Waterstaat,L='s-Gravenhage,ST=Zuid-Holland,C=NL","CN=QuoVadis Global SSL ICA G3,O=QuoVadis Limited,C=BM",www.nationaaldeltacongres.nl,"www.nationaaldeltacongres.nl,nationaaldeltacongres.nl",2022-11-24T09:52:13,2023-11-24T09:47:00
www.omgevingsloket.nl,94.228.135.135,94.228.128.0/20,41887,"PROLOCATION Prolocation, NL",NL,ripencc,2008-10-29,2006-11-09,"CN=omgevingsloket.nl,O=Ministerie van Infrastructuur en Waterstaat,L='s-Gravenhage,ST=Zuid-Holland,C=NL","CN=QuoVadis Europe SSL CA G2,O=QuoVadis Trustlink B.V.,C=NL",omgevingsloket.nl,"omgevingsloket.nl,www.omgevingsloket.nl",2022-11-23T12:41:21,2023-11-23T12:36:00
www.onderwijsinderegioincijfers.nl,82.161.224.223,82.161.0.0/16,3265,"XS4ALL-NL Amsterdam, NL",NL,ripencc,2003-07-14,1994-10-25,"CN=onderwijsinderegioincijfers.nl,O=Ministerie van Onderwijs\, Cultuur en Wetenschap,L=Den Haag,ST=Zuid-Holland,C=NL","CN=QuoVadis Europe SSL CA G2,O=QuoVadis Trustlink B.V.,C=NL",onderwijsinderegioincijfers.nl,"onderwijsinderegioincijfers.nl,www.onderwijsinderegioincijfers.nl,regioscanneronderwijs.nl,www.regioscanneronderwijs.nl",2022-08-30T13:46:17,2023-08-30T13:56:00
www.pensioenkappers.nl,92.71.209.203,92.71.192.0/18,1136,"KPN KPN National, NL",NL,ripencc,2007-06-19,1993-09-01,"CN=www.pensioenkappers.nl,O=TKP Pensioen B.V.,ST=Groningen,C=NL","CN=Sectigo RSA Organization Validation Secure Server CA,O=Sectigo Limited,L=Salford,ST=Greater Manchester,C=GB",www.pensioenkappers.nl,"www.pensioenkappers.nl,pensioenkappers.nl",2022-11-15T00:00:00,2023-11-15T23:59:59
www.phenc.nl,20.56.245.103,20.48.0.0/12,8075,"MICROSOFT-CORP-MSN-AS-BLOCK, US",US,arin,2017-10-18,1997-03-31,CN=www.phenc.nl,"CN=Sectigo RSA Domain Validation Secure Server CA,O=Sectigo Limited,L=Salford,ST=Greater Manchester,C=GB",www.phenc.nl,"www.phenc.nl,acc.phenc.nl,dev.phenc.nl,phenc.nl,tst.phenc.nl",2022-11-02T00:00:00,2023-12-03T23:59:59
www.referentiegrootboekschema.nl,93.92.103.99,93.92.100.0/22,24586,"NL-INTERMAX Intermax Cloudsourcing B.V., NL",NL,ripencc,2008-01-29,2002-01-09,"CN=referentiegrootboekschema.nl,O=Logius,L='s-Gravenhage,ST=Zuid-Holland,C=NL","CN=QuoVadis Europe SSL CA G2,O=QuoVadis Trustlink B.V.,C=NL",referentiegrootboekschema.nl,"referentiegrootboekschema.nl,www.referentiegrootboekschema.nl,prod-dictu.referentiegrootboekschema.nl",2022-11-24T16:10:45,2023-11-24T16:05:00
www.rijkswaterstaatstrooit.nl,193.37.204.204,193.37.204.0/22,20559,"FUNDAMENTS-AS, NL",NL,ripencc,2018-10-22,2015-08-13,"CN=rijkswaterstaatstrooit.nl,O=Rijkswaterstaat,L='s-Gravenhage,ST=Zuid-Holland,C=NL","CN=QuoVadis Global SSL ICA G2,O=QuoVadis Limited,C=BM",rijkswaterstaatstrooit.nl,"rijkswaterstaatstrooit.nl,www.rijkswaterstaatstrooit.nl",2022-11-21T20:06:41,2023-11-21T20:01:00
www.sbr-nl.nl,93.92.103.99,93.92.100.0/22,24586,"NL-INTERMAX Intermax Cloudsourcing B.V., NL",NL,ripencc,2008-01-29,2002-01-09,"CN=sbr-nl.nl,O=Logius,L='s-Gravenhage,ST=Zuid-Holland,C=NL","CN=QuoVadis Europe SSL CA G2,O=QuoVadis Trustlink B.V.,C=NL",sbr-nl.nl,"sbr-nl.nl,www.sbr-nl.nl,prod-dictu.sbr-nl.nl",2022-11-24T16:11:10,2023-11-24T16:06:00
www.schadefonds.nl,167.71.75.16,167.71.64.0/20,14061,"DIGITALOCEAN-ASN, US",US,arin,2019-04-24,2012-09-25,"CN=schadefonds.nl,O=Schadefonds Geweldsmisdrijven,L='s-Gravenhage,ST=Zuid-Holland,C=NL","CN=QuoVadis Europe SSL CA G2,O=QuoVadis Trustlink B.V.,C=NL",schadefonds.nl,"schadefonds.nl,www.schadefonds.nl",2022-11-24T11:25:28,2023-11-24T11:20:00
www.stelselcatalogus.nl,144.43.243.69,144.43.240.0/21,212157,"LOGIUS-AZ-1, NL",NL,ripencc,1993-09-01,2020-12-15,"CN=www.stelselcatalogus.nl,O=Logius,L='s-Gravenhage,ST=Zuid-Holland,C=NL","CN=QuoVadis Europe SSL CA G2,O=QuoVadis Trustlink B.V.,C=NL",www.stelselcatalogus.nl,"www.stelselcatalogus.nl,opendata.stelselcatalogus.nl,stelselcatalogus.nl",2022-10-13T07:58:24,2023-10-13T07:53:00
www.toegankelijkheidsverklaring.nl,93.92.103.99,93.92.100.0/22,24586,"NL-INTERMAX Intermax Cloudsourcing B.V., NL",NL,ripencc,2008-01-29,2002-01-09,"CN=toegankelijkheidsverklaring.nl,O=Logius,L='s-Gravenhage,ST=Zuid-Holland,C=NL","CN=QuoVadis Europe SSL CA G2,O=QuoVadis Trustlink B.V.,C=NL",toegankelijkheidsverklaring.nl,"toegankelijkheidsverklaring.nl,www.toegankelijkheidsverklaring.nl,prod-dictu.toegankelijkheidsverklaring.nl",2022-11-24T16:11:47,2023-11-24T16:06:00
www.toezichtresultaten.nl,147.181.6.154,147.181.4.0/22,202553,"DUO-NL-AS, NL",NL,ripencc,1991-07-05,2016-07-26,"CN=toezichtresultaten.nl,O=Ministerie van Onderwijs\, Cultuur en Wetenschap,L=Den Haag,ST=Zuid-Holland,C=NL","CN=QuoVadis Europe SSL CA G2,O=QuoVadis Trustlink B.V.,C=NL",toezichtresultaten.nl,"toezichtresultaten.nl,www.toezichtresultaten.nl",2022-09-07T12:48:02,2023-09-07T12:43:00
xbox.kpn.com,20.54.140.128,20.48.0.0/12,8075,"MICROSOFT-CORP-MSN-AS-BLOCK, US",US,arin,2017-10-18,1997-03-31,"CN=xbox.kpn.com,O=Koninklijke KPN N.V.,L=Rotterdam,ST=Zuid-Holland,C=NL","CN=certSIGN Enterprise CA Class 3 G2,OU=certSIGN Enterprise CA Class 3 G2,O=certSIGN,C=RO",xbox.kpn.com,xbox.kpn.com,2022-11-24T12:43:33,2023-11-24T12:43:33
xbrlonderwijsportaal.nl,82.161.224.223,82.161.0.0/16,3265,"XS4ALL-NL Amsterdam, NL",NL,ripencc,2003-07-14,1994-10-25,"CN=xbrlonderwijsportaal.nl,O=Ministerie van Onderwijs\, Cultuur en Wetenschap,L=Den Haag,ST=Zuid-Holland,C=NL","CN=QuoVadis Europe SSL CA G2,O=QuoVadis Trustlink B.V.,C=NL",xbrlonderwijsportaal.nl,"xbrlonderwijsportaal.nl,www.xbrlonderwijsportaal.nl",2022-11-16T15:58:23,2023-11-16T15:53:00
zaak.noordenveld.nl,FAILURE,,,,,,,,,,,,,
accaanvraag.senzer.nl,194.53.75.202,194.53.72.0/22,28878,"SIGNET-AS, NL",NL,ripencc,1993-07-19,2003-03-25,"CN=accaanvraag.senzer.nl,C=NL,ST=Noord-Brabant,L=Helmond,O=Senzer","CN=certSIGN Enterprise CA Class 3 G2,OU=certSIGN Enterprise CA Class 3 G2,O=certSIGN,C=RO",accaanvraag.senzer.nl,accaanvraag.senzer.nl,2022-11-22T14:20:43,2023-11-22T14:20:43
acc-api.rivm.nl,131.224.245.21,131.224.0.0/16,1103,"SURFNET-NL SURFnet, The Netherlands, NL",NL,ripencc,1989-01-23,1993-09-01,"CN=acc-api.rivm.nl,O=Rijksinstituut voor Volksgezondheid en Milieu (RIVM),ST=Utrecht,C=NL","CN=GEANT OV RSA CA 4,O=GEANT Vereniging,C=NL",acc-api.rivm.nl,"acc-api.rivm.nl,sso.acc-api.rivm.nl",2022-11-23T00:00:00,2023-11-23T23:59:59
acc-cms.digid.nl,93.92.103.94,93.92.100.0/22,24586,"NL-INTERMAX Intermax Cloudsourcing B.V., NL",NL,ripencc,2008-01-29,2002-01-09,,,,,,
acc-datadelen.mijnenergiedata.nl,34.96.92.109,34.96.0.0/14,396982,"GOOGLE-CLOUD-PLATFORM, US",US,arin,2018-09-28,2018-08-15,"ST=Utrecht,O=Energie Data Services Nederland (EDSN) B.V.,C=NL,CN=acc-datadelen.mijnenergiedata.nl,L=Amersfoort","CN=certSIGN Enterprise CA Class 3 G2,OU=certSIGN Enterprise CA Class 3 G2,O=certSIGN,C=RO",acc-datadelen.mijnenergiedata.nl,acc-datadelen.mijnenergiedata.nl,2022-11-25T16:23:29,2023-11-25T16:23:29
acc-dictu.digitoegankelijk.nl,93.92.103.93,93.92.100.0/22,24586,"NL-INTERMAX Intermax Cloudsourcing B.V., NL",NL,ripencc,2008-01-29,2002-01-09,"CN=acc-dictu.digitoegankelijk.nl,O=Logius,L='s-Gravenhage,ST=Zuid-Holland,C=NL","CN=QuoVadis Europe SSL CA G2,O=QuoVadis Trustlink B.V.,C=NL",acc-dictu.digitoegankelijk.nl,"acc-dictu.digitoegankelijk.nl,test-dictu.digitoegankelijk.nl",2022-11-24T16:08:09,2023-11-24T16:03:00
acc-dictu.eherkenning.nl,93.92.103.93,93.92.100.0/22,24586,"NL-INTERMAX Intermax Cloudsourcing B.V., NL",NL,ripencc,2008-01-29,2002-01-09,"CN=acc-dictu.eherkenning.nl,O=Logius,L='s-Gravenhage,ST=Zuid-Holland,C=NL","CN=QuoVadis Europe SSL CA G2,O=QuoVadis Trustlink B.V.,C=NL",acc-dictu.eherkenning.nl,"acc-dictu.eherkenning.nl,test-dictu.eherkenning.nl",2022-11-24T16:10:00,2023-11-24T16:04:00
acc-dictu.forumstandaardisatie.nl,93.92.103.93,93.92.100.0/22,24586,"NL-INTERMAX Intermax Cloudsourcing B.V., NL",NL,ripencc,2008-01-29,2002-01-09,"CN=acc-dictu.forumstandaardisatie.nl,O=Logius,L='s-Gravenhage,ST=Zuid-Holland,C=NL","CN=QuoVadis Europe SSL CA G2,O=QuoVadis Trustlink B.V.,C=NL",acc-dictu.forumstandaardisatie.nl,"acc-dictu.forumstandaardisatie.nl,test-dictu.forumstandaardisatie.nl",2022-11-24T16:07:25,2023-11-24T16:02:00
acc-dictu.logius.nl,93.92.103.93,93.92.100.0/22,24586,"NL-INTERMAX Intermax Cloudsourcing B.V., NL",NL,ripencc,2008-01-29,2002-01-09,"CN=acc-dictu.logius.nl,O=Logius,L='s-Gravenhage,ST=Zuid-Holland,C=NL","CN=QuoVadis Europe SSL CA G2,O=QuoVadis Trustlink B.V.,C=NL",acc-dictu.logius.nl,"acc-dictu.logius.nl,test-dictu.logius.nl,sb-dictu.logius.nl,acc-dictu.kennisbank.logius.nl,test-dictu.kennisbank.logius.nl,acc-dictu.comcms.logius.nl,test-dictu.comcms.logius.nl",2022-11-24T16:10:31,2023-11-24T16:05:00
acc-dictu.referentiegrootboekschema.nl,93.92.103.93,93.92.100.0/22,24586,"NL-INTERMAX Intermax Cloudsourcing B.V., NL",NL,ripencc,2008-01-29,2002-01-09,"CN=acc-dictu.referentiegrootboekschema.nl,O=Logius,L='s-Gravenhage,ST=Zuid-Holland,C=NL","CN=QuoVadis Europe SSL CA G2,O=QuoVadis Trustlink B.V.,C=NL",acc-dictu.referentiegrootboekschema.nl,"acc-dictu.referentiegrootboekschema.nl,test-dictu.referentiegrootboekschema.nl",2022-11-24T16:10:58,2023-11-24T16:05:00
acc-dictu.sbr-nl.nl,93.92.103.93,93.92.100.0/22,24586,"NL-INTERMAX Intermax Cloudsourcing B.V., NL",NL,ripencc,2008-01-29,2002-01-09,"CN=acc-dictu.sbr-nl.nl,O=Logius,L='s-Gravenhage,ST=Zuid-Holland,C=NL","CN=QuoVadis Europe SSL CA G2,O=QuoVadis Trustlink B.V.,C=NL",acc-dictu.sbr-nl.nl,"acc-dictu.sbr-nl.nl,test-dictu.sbr-nl.nl",2022-11-24T16:11:21,2023-11-24T16:06:00
acc-dictu.toegankelijkheidsverklaring.nl,93.92.103.93,93.92.100.0/22,24586,"NL-INTERMAX Intermax Cloudsourcing B.V., NL",NL,ripencc,2008-01-29,2002-01-09,"CN=acc-dictu.toegankelijkheidsverklaring.nl,O=Logius,L='s-Gravenhage,ST=Zuid-Holland,C=NL","CN=QuoVadis Europe SSL CA G2,O=QuoVadis Trustlink B.V.,C=NL",acc-dictu.toegankelijkheidsverklaring.nl,"acc-dictu.toegankelijkheidsverklaring.nl,test-dictu.toegankelijkheidsverklaring.nl",2022-11-24T16:11:58,2023-11-24T16:06:00
acc.digid.nl,93.92.103.94,93.92.100.0/22,24586,"NL-INTERMAX Intermax Cloudsourcing B.V., NL",NL,ripencc,2008-01-29,2002-01-09,,,,,,
acc.digiinkoop.nl,132.226.201.148,132.226.192.0/20,31898,"ORACLE-BMC-31898, US",US,arin,2017-04-03,2011-03-21,"CN=acc.digiinkoop.nl,O=Logius,L='s-Gravenhage,ST=Zuid-Holland,C=NL","CN=certSIGN Enterprise CA Class 3 G2,OU=certSIGN Enterprise CA Class 3 G2,O=certSIGN,C=RO",acc.digiinkoop.nl,acc.digiinkoop.nl,2022-11-25T10:53:41,2023-11-25T10:53:41
acceptatie.eemsdelta.nl,185.135.12.25,185.135.12.0/24,34762,"COMBELL-AS, BE",BE,ripencc,2016-01-19,2005-03-31,"CN=acceptatie.eemsdelta.nl,O=Gemeente Eemsdelta,STREET=Wilhelminaweg 14,L=Appingedam,ST=Groningen,C=NL,1.3.6.1.4.1.311.60.2.1.3=NL,2.5.4.5=81425570,2.5.4.15=Government Entity","CN=GlobalSign Extended Validation CA - SHA256 - G3,O=GlobalSign nv-sa,C=BE",acceptatie.eemsdelta.nl,acceptatie.eemsdelta.nl,2022-11-23T13:53:18,2023-12-25T13:53:17
acceptatie.efro-webportal.nl,20.76.151.119,20.64.0.0/10,8075,"MICROSOFT-CORP-MSN-AS-BLOCK, US",US,arin,2017-10-18,1997-03-31,"ST=Noord-Brabant,CN=acceptatie.efro-webportal.nl,O=Provincie Noord-Brabant,L=s-Hertogenbosch,C=NL","CN=certSIGN Enterprise CA Class 3 G2,OU=certSIGN Enterprise CA Class 3 G2,O=certSIGN,C=RO",acceptatie.efro-webportal.nl,acceptatie.efro-webportal.nl,2022-11-15T10:43:23,2023-11-15T10:43:23
acceptatie.meldingen.klopt.cibg.nl,18.185.50.213,18.184.0.0/15,16509,"AMAZON-02, US",US,arin,2019-10-07,2000-05-04,CN=*.betswap.gg,"CN=Amazon,OU=Server CA 1B,O=Amazon,C=US",*.betswap.gg,*.betswap.gg,2022-01-24T00:00:00,2023-02-22T23:59:59
acceptatie.mijngeldzaken.orioniswalcheren.nl,84.241.169.96,84.241.128.0/18,20847,"PREVIDER-AS, NL",NL,ripencc,2004-06-22,2001-06-18,CN=acceptatie.mijngeldzaken.orioniswalcheren.nl,"CN=GeoTrust Global TLS RSA4096 SHA256 2022 CA1,O=DigiCert\, Inc.,C=US",acceptatie.mijngeldzaken.orioniswalcheren.nl,"acceptatie.mijngeldzaken.orioniswalcheren.nl,www.acceptatie.mijngeldzaken.orioniswalcheren.nl",2022-11-15T00:00:00,2023-11-14T23:59:59
accept.itnoordenveld.nl,FAILURE,,,,,,,,,,,,,
acc-geo.rijkswaterstaat.nl,131.237.78.146,131.237.78.0/24,42894,"MINVENW-RWS MinVenW-Rijkswaterstaat Backbone, NL",NL,ripencc,1992-01-01,2007-05-08,"CN=acc-geo.rijkswaterstaat.nl,O=Rijkswaterstaat,L='s-Gravenhage,ST=Zuid-Holland,C=NL","CN=QuoVadis Global SSL ICA G2,O=QuoVadis Limited,C=BM",acc-geo.rijkswaterstaat.nl,"acc-geo.rijkswaterstaat.nl,acc-geo.rws.nl",2022-11-07T13:54:12,2023-11-07T13:49:00
accjump.kiwaregister.nl,3.121.63.152,3.120.0.0/14,16509,"AMAZON-02, US",US,arin,2017-12-20,2000-05-04,"C=NL,ST=Zuid-Holland,L=Rijswijk,O=Kiwa N.V.,CN=accjump.kiwaregister.nl","CN=certSIGN Enterprise CA Class 3 G2,OU=certSIGN Enterprise CA Class 3 G2,O=certSIGN,C=RO",accjump.kiwaregister.nl,"accjump.kiwaregister-static.nl,accjump.kiwaregister-dynamic.nl,accjump.kiwaregister.nl",2022-11-25T12:07:33,2023-11-25T12:07:33
acc-maps.rijkswaterstaat.nl,131.237.78.162,131.237.78.0/24,42894,"MINVENW-RWS MinVenW-Rijkswaterstaat Backbone, NL",NL,ripencc,1992-01-01,2007-05-08,"CN=acc-maps.rijkswaterstaat.nl,O=Rijkswaterstaat,L='s-Gravenhage,ST=Zuid-Holland,C=NL","CN=QuoVadis Global SSL ICA G2,O=QuoVadis Limited,C=BM",acc-maps.rijkswaterstaat.nl,"acc-maps.rijkswaterstaat.nl,acc-maps.rws.nl",2022-11-07T13:54:18,2023-11-07T13:49:00
acc.omgevingsloket.nl,94.228.135.151,94.228.128.0/21,41887,"PROLOCATION Prolocation, NL",NL,ripencc,2008-10-29,2006-11-09,"CN=acc.omgevingsloket.nl,O=Ministerie van Infrastructuur en Waterstaat,L='s-Gravenhage,ST=Zuid-Holland,C=NL","CN=QuoVadis Europe SSL CA G2,O=QuoVadis Trustlink B.V.,C=NL",acc.omgevingsloket.nl,acc.omgevingsloket.nl,2022-11-22T13:57:13,2023-11-22T13:52:00
acc.stelselvanbasisregistraties.nl,144.43.241.101,144.43.240.0/21,212157,"LOGIUS-AZ-1, NL",NL,ripencc,1993-09-01,2020-12-15,,,,,,
acm-acc.ctgb.nl,37.235.115.42,37.235.112.0/21,35332,"DATAWEB DataWeb B.V. - The Netherlands, NL",NL,ripencc,2012-04-17,2005-07-18,"CN=acm-acc.ctgb.nl,O=College voor toelating van gewasbeschermingsmiddelen en biociden,ST=Gelderland,C=NL","CN=Sectigo RSA Organization Validation Secure Server CA,O=Sectigo Limited,L=Salford,ST=Greater Manchester,C=GB",acm-acc.ctgb.nl,"acm-acc.ctgb.nl,www.acm-acc.ctgb.nl",2022-11-28T00:00:00,2023-11-28T23:59:59
belastingen-acc.arnhem.nl,185.241.184.59,185.241.184.0/24,204754,"SYSACTIVE, NL",NL,ripencc,2018-01-16,2018-01-16,"CN=belastingen-acc.arnhem.nl,O=Gemeente Arnhem,L=Arnhem,ST=Gelderland,C=NL","CN=QuoVadis Global SSL ICA G2,O=QuoVadis Limited,C=BM",belastingen-acc.arnhem.nl,belastingen-acc.arnhem.nl,2022-11-21T10:17:01,2023-12-05T23:45:00
belastingen-acc.renkum.nl,185.241.184.59,185.241.184.0/24,204754,"SYSACTIVE, NL",NL,ripencc,2018-01-16,2018-01-16,"CN=belastingen-acc.renkum.nl,O=Gemeente Renkum,L=Oosterbeek,ST=Gelderland,C=NL","CN=QuoVadis Global SSL ICA G2,O=QuoVadis Limited,C=BM",belastingen-acc.renkum.nl,belastingen-acc.renkum.nl,2022-11-22T11:08:48,2023-12-04T23:45:00
belastingen-acc.rheden.nl,185.241.184.59,185.241.184.0/24,204754,"SYSACTIVE, NL",NL,ripencc,2018-01-16,2018-01-16,"CN=belastingen-acc.rheden.nl,O=Gemeente Rheden,L=Velp,ST=Gelderland,C=NL","CN=QuoVadis Global SSL ICA G2,O=QuoVadis Limited,C=BM",belastingen-acc.rheden.nl,belastingen-acc.rheden.nl,2022-11-21T10:28:41,2023-12-05T23:45:00
dacceptatieloket.oostgelre.nl,87.249.120.32,87.249.96.0/19,47886,"EQUINIX-NL-ASN, NL",NL,ripencc,2005-08-26,2008-09-11,"CN=dacceptatieloket.oostgelre.nl,O=Gemeente Oost Gelre,ST=Gelderland,C=NL,2.5.4.15=Government Entity,1.3.6.1.4.1.311.60.2.1.3=NL,2.5.4.5=09212525","CN=Sectigo RSA Extended Validation Secure Server CA,O=Sectigo Limited,L=Salford,ST=Greater Manchester,C=GB",dacceptatieloket.oostgelre.nl,dacceptatieloket.oostgelre.nl,2022-11-10T00:00:00,2023-11-10T23:59:59
disc.eid-acc.kpn.com,145.222.106.168,145.222.0.0/16,21286,"KPN-CORPORATE-MARKET, NL",NL,ripencc,2002-10-09,2001-10-16,"CN=eid-acc.kpn.com,O=KPN B.V.,L=Rotterdam,ST=Zuid-Holland,C=NL","CN=certSIGN Enterprise CA Class 3 G2,OU=certSIGN Enterprise CA Class 3 G2,O=certSIGN,C=RO",eid-acc.kpn.com,"idp.eid-acc.kpn.com,aip.eid-acc.kpn.com,eid-acc.kpn.com,brk.eid-acc.kpn.com",2022-08-09T12:34:24,2023-08-09T12:34:24
loket.acceptatie.steenwijkerland.nl,37.200.85.35,37.200.85.0/24,213208,"ROXIT, NL",NL,ripencc,2020-05-04,2020-05-20,CN=inproces.acceptatie.steenwijkerland.nl,"CN=GlobalSign GCC R3 DV TLS CA 2020,O=GlobalSign nv-sa,C=BE",inproces.acceptatie.steenwijkerland.nl,"inproces.acceptatie.steenwijkerland.nl,zaken.acceptatie.steenwijkerland.nl,app.acceptatie.steenwijkerland.nl,connect.acceptatie.steenwijkerland.nl,contentbeheer.acceptatie.steenwijkerland.nl,loket.acceptatie.steenwijkerland.nl",2022-03-15T15:08:14,2023-04-16T15:08:13
loket-acc.gemeentehulst.nl,217.119.229.92,217.119.224.0/20,16350,"ECHELON-AS Institutenweg 38, NL",NL,ripencc,2001-02-16,2001-03-08,CN=loket-acc.gemeentehulst.nl,"CN=Sectigo RSA Domain Validation Secure Server CA,O=Sectigo Limited,L=Salford,ST=Greater Manchester,C=GB",loket-acc.gemeentehulst.nl,loket-acc.gemeentehulst.nl,2022-11-18T00:00:00,2023-11-18T23:59:59
mijnmaxima-acc.prinsesmaximacentrum.nl,194.171.216.22,194.171.0.0/16,1103,"SURFNET-NL SURFnet, The Netherlands, NL",NL,ripencc,1995-06-12,1993-09-01,"CN=mijnmaxima-acc.prinsesmaximacentrum.nl,O=Prinses MÃ¡xima Centrum voor Kinderoncologie B.V.,ST=Utrecht,C=NL","CN=GEANT OV RSA CA 4,O=GEANT Vereniging,C=NL",mijnmaxima-acc.prinsesmaximacentrum.nl,mijnmaxima-acc.prinsesmaximacentrum.nl,2022-11-21T00:00:00,2023-11-21T23:59:59
netflix.vgw.acc.kpn.com,213.75.2.60,213.75.0.0/17,8737,"PT, NL",NL,ripencc,2000-04-06,1998-03-31,"CN=netflix.vgw.acc.kpn.com,O=Koninklijke KPN N.V.,L=Rotterdam,ST=Zuid-Holland,C=NL","CN=certSIGN Enterprise CA Class 3 G2,OU=certSIGN Enterprise CA Class 3 G2,O=certSIGN,C=RO",netflix.vgw.acc.kpn.com,netflix.vgw.acc.kpn.com,2022-11-23T13:24:50,2023-11-23T13:24:50
proxy.acc.kpndrm.nl,195.121.72.74,195.121.0.0/17,8737,"PT, NL",NL,ripencc,1999-01-11,1998-03-31,"CN=*.rtd.k8s.tst.itv.local,OU=CTDO SP iTV,O=KPN N.V.,L=Rotterdam,ST=Zuid-Holland,C=NL","CN=KPN N.V. Private CA G2,O=Koninklijke KPN N.V.,C=NL",*.rtd.k8s.tst.itv.local,"*.rtd.k8s.acc.itv.local,*.asd.k8s.acc.itv.local,*.asd.k8s.tst.itv.local,*.rtd.k8s.tst.itv.local",2022-04-20T08:54:35,2024-04-19T08:54:34
www.acceptatie.derondevenen.nl,37.200.85.35,37.200.85.0/24,213208,"ROXIT, NL",NL,ripencc,2020-05-04,2020-05-20,"CN=www.acceptatie.derondevenen.nl,O=Gemeente De Ronde Venen,L=Mijdrecht,ST=Utrecht,C=NL","CN=certSIGN Enterprise CA Class 3 G2,OU=certSIGN Enterprise CA Class 3 G2,O=certSIGN,C=RO",www.acceptatie.derondevenen.nl,"acceptatie.derondevenen.nl,burgerloket.acceptatie.derondevenen.nl,www.acceptatie.derondevenen.nl",2022-11-25T16:34:17,2023-11-25T16:34:17
belastingportaal-test.boxtel.nl,176.62.195.50,176.62.192.0/21,8315,"SENTIA, NL",NL,ripencc,2011-06-09,2006-01-05,"CN=belastingportaal-test.boxtel.nl,O=Gemeente Boxtel,ST=Noord-Brabant,C=NL","CN=Sectigo RSA Organization Validation Secure Server CA,O=Sectigo Limited,L=Salford,ST=Greater Manchester,C=GB",belastingportaal-test.boxtel.nl,belastingportaal-test.boxtel.nl,2022-11-23T00:00:00,2023-11-23T23:59:59
belastingportaal-test.sint-michielsgestel.nl,176.62.195.50,176.62.192.0/21,8315,"SENTIA, NL",NL,ripencc,2011-06-09,2006-01-05,"CN=belastingportaal-test.sint-michielsgestel.nl,O=Gemeente Sint-Michielsgestel,ST=Noord-Brabant,C=NL","CN=Sectigo RSA Organization Validation Secure Server CA,O=Sectigo Limited,L=Salford,ST=Greater Manchester,C=GB",belastingportaal-test.sint-michielsgestel.nl,belastingportaal-test.sint-michielsgestel.nl,2022-11-23T00:00:00,2023-11-23T23:59:59
portaaltest.ggdhm.nl,185.180.97.143,185.180.96.0/22,31477,"DUOCAST-AS, NL",NL,ripencc,2016-12-05,2004-05-26,CN=portaaltest.ggdhm.nl,"CN=Sectigo RSA Domain Validation Secure Server CA,O=Sectigo Limited,L=Salford,ST=Greater Manchester,C=GB",portaaltest.ggdhm.nl,"portaaltest.ggdhm.nl,www.portaaltest.ggdhm.nl",2022-11-22T00:00:00,2023-11-22T23:59:59
test.afspraakmaken.dronten.nl,90.145.212.144,90.145.0.0/16,29396,"EUROFIBER-UNET EUROFIBER, NL",NL,ripencc,2006-11-17,2003-08-28,"CN=test.afspraakmaken.dronten.nl,O=Gemeente Dronten,L=Dronten,C=NL,ST=Flevoland","CN=certSIGN Enterprise CA Class 3 G2,OU=certSIGN Enterprise CA Class 3 G2,O=certSIGN,C=RO",test.afspraakmaken.dronten.nl,test.afspraakmaken.dronten.nl,2022-11-15T14:12:58,2023-11-15T14:12:58
test.digid.nl,93.92.103.94,93.92.100.0/22,24586,"NL-INTERMAX Intermax Cloudsourcing B.V., NL",NL,ripencc,2008-01-29,2002-01-09,,,,,,
testformulieren.doetinchem.nl,62.165.70.183,62.165.64.0/18,20847,"PREVIDER-AS, NL",NL,ripencc,2001-09-25,2001-06-18,"ST=Gelderland,CN=testformulieren.doetinchem.nl,O=Gemeente Doetinchem,L=Doetinchem,C=NL","CN=certSIGN Enterprise CA Class 3 G2,OU=certSIGN Enterprise CA Class 3 G2,O=certSIGN,C=RO",testformulieren.doetinchem.nl,testformulieren.doetinchem.nl,2022-10-28T11:14:00,2023-10-28T11:14:00
testformulieren.laborijn.nl,62.165.70.183,62.165.64.0/18,20847,"PREVIDER-AS, NL",NL,ripencc,2001-09-25,2001-06-18,"CN=testformulieren.laborijn.nl,ST=Gelderland,O=Laborijn,L=Doetinchem,C=NL","CN=certSIGN Enterprise CA Class 3 G2,OU=certSIGN Enterprise CA Class 3 G2,O=certSIGN,C=RO",testformulieren.laborijn.nl,testformulieren.laborijn.nl,2022-11-09T11:53:38,2023-11-09T11:53:38
testinternet.zorg-id.nl,89.221.191.2,89.221.184.0/21,41696,"RAM-, NL",NL,ripencc,2006-10-09,2006-10-10,,,,,,
test-ipa.beesel.nl,45.80.232.31,45.80.232.0/22,15879,"KPN-INTERNEDSERVICES KPN Internedservices, NL",NL,ripencc,2019-05-16,2000-10-26,"CN=test-ipa.beesel.nl,O=Gemeente Beesel,C=NL,ST=Limburg,L=Reuver","CN=certSIGN Enterprise CA Class 3 G2,OU=certSIGN Enterprise CA Class 3 G2,O=certSIGN,C=RO",test-ipa.beesel.nl,test-ipa.beesel.nl,2022-11-23T10:35:42,2023-11-23T10:35:42
test.loket.oss.nl,217.119.231.45,217.119.224.0/20,16350,"ECHELON-AS Institutenweg 38, NL",NL,ripencc,2001-02-16,2001-03-08,"CN=test.loket.oss.nl,O=Gemeente Oss,L=Oss,ST=Noord-Brabant,C=NL","CN=QuoVadis Global SSL ICA G2,O=QuoVadis Limited,C=BM",test.loket.oss.nl,test.loket.oss.nl,2022-11-08T14:05:41,2023-11-08T14:00:00
testzorgnet.zorg-id.nl,89.221.191.6,89.221.184.0/21,41696,"RAM-, NL",NL,ripencc,2006-10-09,2006-10-10,,,,,,
preprod-dgp2.procesinfrastructuur.nl,144.43.253.7,144.43.252.0/22,212157,"LOGIUS-AZ-1, NL",NL,ripencc,1993-09-01,2020-12-15,,,,,,
preprod-globe-portaal-internet.procesinfrastructuur.nl,144.43.241.235,144.43.240.0/21,212157,"LOGIUS-AZ-1, NL",NL,ripencc,1993-09-01,2020-12-15,,,,,,
preprodid.flevoland.nl,185.63.152.91,185.63.152.0/22,12859,"NL-BIT BIT BV, NL",NL,ripencc,2014-07-11,1999-12-15,CN=preprodid.flevoland.nl,"CN=Sectigo RSA Domain Validation Secure Server CA,O=Sectigo Limited,L=Salford,ST=Greater Manchester,C=GB",preprodid.flevoland.nl,preprodid.flevoland.nl,2022-11-24T00:00:00,2023-11-24T23:59:59
preprod-mijninkomen.fijnder.nl,194.53.73.126,194.53.72.0/22,28878,"SIGNET-AS, NL",NL,ripencc,1993-07-19,2003-03-25,"CN=preprod-mijninkomen.fijnder.nl,C=NL,ST=Gelderland,L=Groenlo,O=Fijnder","CN=certSIGN Enterprise CA Class 3 G2,OU=certSIGN Enterprise CA Class 3 G2,O=certSIGN,C=RO",preprod-mijninkomen.fijnder.nl,preprod-mijninkomen.fijnder.nl,2022-11-11T09:24:32,2023-11-11T09:24:32
preprod-mijnoverzicht.sint-michielsgestel.nl,194.53.73.126,194.53.72.0/22,28878,"SIGNET-AS, NL",NL,ripencc,1993-07-19,2003-03-25,"CN=preprod-mijnoverzicht.sint-michielsgestel.nl,O=Gemeente Sint-Michielsgestel,ST=Noord-Brabant,C=NL","CN=Sectigo RSA Organization Validation Secure Server CA,O=Sectigo Limited,L=Salford,ST=Greater Manchester,C=GB",preprod-mijnoverzicht.sint-michielsgestel.nl,preprod-mijnoverzicht.sint-michielsgestel.nl,2022-11-23T00:00:00,2023-11-23T23:59:59
preprod.onewelcome.bij12.nl,99.83.232.131,99.83.224.0/20,16509,"AMAZON-02, US",US,arin,2018-01-10,2000-05-04,"C=NL,ST=Zuid-Holland,L='s-Gravenhage,O=het Interprovinciaal Overleg,CN=preprod.onewelcome.bij12.nl","CN=certSIGN Enterprise CA Class 3 G2,OU=certSIGN Enterprise CA Class 3 G2,O=certSIGN,C=RO",preprod.onewelcome.bij12.nl,preprod.onewelcome.bij12.nl,2022-11-28T14:25:51,2023-11-28T14:25:51
preprod.portaal.digimelding.nl,144.43.241.172,144.43.240.0/21,212157,"LOGIUS-AZ-1, NL",NL,ripencc,1993-09-01,2020-12-15,"CN=preprod.portaal.digimelding.nl,O=Logius,L='s-Gravenhage,ST=Zuid-Holland,C=NL","CN=certSIGN Enterprise CA Class 3 G2,OU=certSIGN Enterprise CA Class 3 G2,O=certSIGN,C=RO",preprod.portaal.digimelding.nl,"www.preprod.portaal.digimelding.nl,preprod.portaal.digimelding.nl",2022-10-11T18:35:48,2023-10-11T18:35:48
preprod.stelselcatalogus.nl,144.43.241.172,144.43.240.0/21,212157,"LOGIUS-AZ-1, NL",NL,ripencc,1993-09-01,2020-12-15,"CN=preprod.stelselcatalogus.nl,O=Logius,L='s-Gravenhage,ST=Zuid-Holland,C=NL","CN=certSIGN Enterprise CA Class 3 G2,OU=certSIGN Enterprise CA Class 3 G2,O=certSIGN,C=RO",preprod.stelselcatalogus.nl,"preprod.opendata.stelselcatalogus.nl,preprod.stelselcatalogus.nl",2022-10-19T13:34:34,2023-10-19T13:34:34
preprod.stelselvanbasisregistraties.nl,144.43.241.172,144.43.240.0/21,212157,"LOGIUS-AZ-1, NL",NL,ripencc,1993-09-01,2020-12-15,"CN=preprod.stelselvanbasisregistraties.nl,O=Logius,L='s-Gravenhage,ST=Zuid-Holland,C=NL","CN=certSIGN Enterprise CA Class 3 G2,OU=certSIGN Enterprise CA Class 3 G2,O=certSIGN,C=RO",preprod.stelselvanbasisregistraties.nl,"preprod.data.stelselvanbasisregistraties.nl,preprod.stelselvanbasisregistraties.nl",2022-10-19T11:01:49,2023-10-19T11:01:49
